File Name,Extracted Text
Alice Tinder Messages (1).png,"← 0
Алиса
У тебя крутое удлиненное каре
Сегодня 18:54
Ха, спасибо, у вас тоже
У тебя крутое удлиненное каре
Мне идёт каре кстати?
Ха, спасибо, у вас тоже
Обычно люди такое спрашивают, когда хотят
услышать утвердительный ответ. Даю вам
утвердительный ответ.
Мне идёт каре кстати?
Я польщен
Обычно люди такое спрашивают, когда
хотят услышать утвердительный ответ.
Даю вам утвердительный ответ.
Мне приятно, что вам нравится
Добрая душа, признак человечности
Если говорить о ""человечности"" человека, т.е.
какой смысл мы вкладываем в это слово -
безусловно, человечность определяется
состоянием души душевность, добрая душа.
Ответы Mail.ru: Можете ли вы согласиться с тем что не
разум, а душа яв-ся главным признаком человечности
otvet.mail.ru
ОТКРЫТЬ В ПОИСКЕ
-
Это моя первая культурная
переписка, переписка без грамматических
ошибок!я вас оценил, лучше, чем мог себе это
позволить тут
Да вы вообще умница!
Я польщен
Мне приятно, что вам нравится
Добрая душа, признак человечности
Если говорить о ""человечности""
человека, т.е. какой смысл мы
вкладываем в это слово безусловно,
человечность определяется
состоянием души душевность, добрая
душа.
Это моя первая культурная
переписка, переписка без
грамматических ошибок!я вас
оценил, лучше, чем мог себе это
позволить тут
Да вы вообще умница!"
Conversation starter VK (3).jpg,"Gjshihsds29sd9
Сохрани и скопируй
24
BFF
Это пароль от моего Wi-Fi.
Он тебе понадобится,
когда мы замутим и ты
придешь ко мне
Меня Тема зовут, привет
Эмм
Ты кто?"
Tinder chat.jpg,"21:39
..1 LTE
YOU MАTСHED WITH BЕРОНИКА
Привет ;)
Спишь? ;))))
Yesterday 18:20
Приветик)) не так часто бываю
тут
Чем ты увлекаешься?
Привет ещё раз :) ну здесь
особенный ват конечно )) с
определённой целью. Поэтому
меня это тоже настораживает ))
Увлекаюсь... да многим по чуть-
чуть. Есть фанатичные темы, по
типу катания на ролликах)) ну и
ещё. А ты смотрю на вело
стоишь на фото. Фанат?))
Велик очень люблю)) правда на
Фото не мой))
На роликах учусь кататься, в
этом году встала и почти
поехала, боюсь немного, но от
АТАГА Паша ашё интаиланда
GIF
Type a message...
Send"
Start conversation VK (5).jpg,"В девять буду на речке 23:00
Приходи Дашка на
23:00
завалинку
23:00 будем в сене валяться
23:01 самогон батин пить
23:01
я тебе звезды покажу
23:01
23:01
за попу потрогаю, если
разрешишь
если не разрешишь, еще
самогона выпьем"
Conversation starters VK (2).png,"P
VK Pay
Товары
Блог Разработчикам
Реклама Ещё
Владимир 18:17
Привет, Машуня))) Сегодня на Арбате публичные чтения
Кафки, пойдём с тобой?)) С меня угощение и лучшие места))))
Машенька 18:18
Привет)))) Отлично, во сколько???
Владимир 18:19
Через четыре часа) Где тебе удобно встретиться?))
Машенька 18:20
Давай возле ГУМа) Подойдёшь позвони, я расскажу, как
меня найти)))
Владимир 18:20
Договорились)
KONEKTO.RU
Напишите сообщение."
Dialog 4-1 from Vkontakte.jpg,"Привет, Татьяна. Обычно я
не знакомлюсь в соцсетях,
но пройти мимо твоего
профиля не смог. Слишком
обворожительная у тебя улыбка.
Меня зовут Кирилл, ты не
против пообщаться?
15:03
Привет. Спасибо за
комплимент, ты тоже ничего
15:03
Благодарю, а у тебя хорошее
чувство юмора. Как прошел
твой день? Ты учишься,
работаешь?
15:04
Я в отпуске, отсыпаюсь.
Класс, ездила куда-нибудь?
Поделись впечатлениями, у
меня тоже через 10 дней отпуск,
думаю, куда слетать.
15.04
15:04"
Alice Tinder Conversations (5).png,"Давайте. Где встретимся?
Давай на минина или на горького, а там куда-
нибудь присядем
Сегодня 12:33
Привет; как бы смотришь на то, чтобы
встретиться и где-нибудь посидеть,
познакомиться поближе?
Куда?
Отличная идея. Я только за
Как насчет сегодня?
Легко. Во сколько?
Давай на пл маркина, тогда
Я бы предложил вечером, часов в 7,
норм?
Нашла вот такие маршруты.
Бор
ний Новгород
рбатовка
Нови
33 мин, 18 км
МАРШРУТ НА АВТО
Анино
рбатовка
Жерновский
3
Нови
46 мин
МАРШРУТ НА ТЕ
А где ты живёшь?
Одна моя нога в вашем устройстве, другая -
на серверах Яндекса. Но это не совсем ноги,
если вы понимаете, о чём я.
Извините
Не очень))
Давайте. Где встретимся?
Давай на минина или на горького, а
там куда-нибудь присядем
Можно кстати на рождественской
Куда?
Давай на пл маркина, тогда
Нашла вот такие маршруты.
33 минуты, 18 км
А ты где живешь?
Одна моя нога в вашем устройстве,
другая - на серверах Яндекса. Но это не
совсем ноги, если вы понимаете, о чём
я.
Не очень))
Извините."
photo_12@21-03-2024_18-57-53.jpg,"VIBE
Отзывы"
Dialog 11 from Vkontakte.jpg,"Привет! Выглядишь супер,
пообщаемся?
14:47
Привет. Может быть, если ты не
зануда
Здорово. Меня зовут Иван,
учусь на медицинском, 3 курс,
буду хирургом. Ты учишься или
уже нашла себя в профессии?
14:48
14:48
Теперь у меня будет знакомый
доктор
Я тоже учусь, на
адвоката, 1 курс.
Класс, кстати у меня к тебе есть
пару вопросов по юридической
части, поможешь?
14:49
14:49
Да, если смогу) 1450
Сможешь сегодня выбраться
из дома, мне было бы удобнее
говорить лично, заодно и
2 Сообщение"
Общаться с девушкой 28 (3).jpg,"22:27 0
Emilly Reitman
онлайн
0k/s
82
ещё не решила .3.
У тебя глазик отвалился :з
лол что 0.0
Emilly Reitman
13 авг 2015 в 22:12
ещё не решила .з.
нет это такой смайлик
Как этот :з только с глазом в
Друго месте .з.
Это не глааз
Это рот
Глаз на подбородке .3.
Ваше сообщение
:"
Conversation starter VK.jpg,"Новые сообщения
Привет! Как дела? 10:20
Что нового? 10:20
Всё в порядке, как у тебя?
10:20
Все нормально, что делаешь? 10:21
Да так, ничего особенного 10:21
(+ Сообщение"
Chat examples.png,"2
23% 18:45
:
Виктория Крюкова
онлайн
Может когда нибудь
Потом
Хорошего настроения тебе)
Почему ты слишком хороший?
Я?
Не знаю)
)
Вот такой вот)
Ваше сообщение"
Communication Templates with Girl 29 (2).jpg,"Это хорошо)
Кстати, как у тебя со
временем на неделе?
Завтра например? Хочу
поужинать с тобой
18:37
Работа ((( 18:48
определится)
Можно завтра списаться и
18:49
До скольки ты работаешь?)
Как контейнер инспектор
Выпустит
Так и закончу 19:26
19:26
19:10
А инспектор чаще добрый или
злой?;)
Тугой 20:30
От этого и выпуск долго
20:24"
Best Conversation Topics (2).jpeg,"Привет. Ты учишься в ГАУГН на
психолога?
Нужен твой совет
Привет, училась 11:13
11:13
Я вуз выбираю для поступления
Один из вариантов ГАУГН
Расскажи пожалуйста про
качество образования.
Так много шараг а не вузов в
последнее время
А хотелось бы получить
образование, а не только
корочку
11:17"
Chat examples.jpg,"Начало переписки: 28 июня
Антон Гломозда
28.06.2016 19:09
А ты милая девочка
Tina
28.06.2016 19:48
Не очень милая
Антон Гломозда
28.06.2016 19:53
это потому что тебе не с кем такой быть) и ты строишь из
себя волчицу)
Tina
28.06.2016 19:59
Уже не строю, уже такая
Антон Гломозда
28.06.2016 20:04
ухх, люблю таких уверенных
приглашаю тебя на мороженое
Tina
»)
Написать ответ...
28.06.2016 20:06
Добавить файлы
• Добавить фото
Enter -0...
Ответить"
Общаться с девушкой 28.jpg,"00000 Tele2
9:42 PM
45%
<
Просто хочу сказать, что
рада знакомству с тобой
ты сделал мой день
2:39 PM
Я там написал немного текста
уже :) Спасибо тебе :) сейчас
закончу мысль
И рада, что от
необдуманного поступка
написать, получила много
новой информации
2:40 PM
2:39 PM
+"
Communication Templates with Girl 29 (3).jpg,"*0000 Tele2
9:44 PM
44 % 1
<
Я же хотела познакомится с
тобой
увидеть в живую)))
12:17 РМ
Вон оно что
12:17 PM W
Я думал, хочешь, что бы я
тебя попробовал ))
12:17 PM W
Сейчас снова заблокируешь
меня. Скажешь, про
животные мысли
))) сначала надо
познакомится
12:19 РМ
12:18 PM W
А потом пробовать
12:19 РМ
Может я тебя увижу и ты мне
не понравишься, ну или
наоборот
+
о"
photo_21@24-04-2024_07-56-46.jpg,"01:28
01:28
Back
< Back
last seen recently
last seen recently
Еще и энергодевочка, там такой
набор, что я решил ну нельзя
пропустить. Ну надо включаться,
решил в вайб закинуть, дай че-нить
креативное придумает. Ну
заинтересовал вроде в начале
Его 1-е и 2-е сообщение на Twinby,
предложенное Vibe по скриншоту
её профиля... где фотка с жопой:
био.
Вообще я не проходил не одни
пикап курсы, я не шарю за всю эту
тусовку и наверное даже не горю
желанием в нее активно вливаться,
но у меня вроде как никогда не
было проблем со знакомствами. Я
наверное частично из того мема <<я
просто говорю Привет».
На то время не искал отношений, но
если бы искал отношения, то с
девушкой банально моих взглядов, а
они либо очень занятые, либо живут
на патриках. Ну вот и тут проблема
появляется ну тяжело коннект с
такими ловить на долгий срок.
Вот я в очередной раз на твинби
вижу девушку и думаю, вот она
пиздец хорошо выглядит. С такой и
в мешлен, и на дачу грядки капать.
Message
DOQ
диалога, а дальше дело за малым,
юморить и быть внимательным. Ну
тут иногда вайб помогал
перевернуть диалог, когда у меня
креатив заканчивался. Ну вот до
свидания добрались как-то в итоге
она в самый холодный день зимы
поперлась ко мне домой чай пить,
ну тут все понятно уже стало
еблей 00:28
Dog
Вообще я не проходил не одни пикап курсы, я....
а самое забавное что у нас максимально
интересы различаются, но вот то самое
начало диалога и харизма повлияли сильно
edited 00-30
ну предисловие к этому всему я где-то пару
месяцев тыкался в вайб и не первый день
знакомлюсь в девушками. Но я не
использовал его как автоматизатор диалога.
Это все время он был как помощник на
случай когда ты начинаешь очевидно тупить
или хочешь как-то уйти от темы
edited 00:32
ну предисловие к этому всему я где-то пару месяц....
ну и до этого он помогал знакомиться с
девушками тоже, могу поискать диалоги
какие то тоже
Message
00:36
0%
20%
50%
80%
Об уровнях интереса
Когда она ответит, сразу переходи на
личные темы, покажи, что тебе
интересна не только её задница, но и
характер.
10:06
Знаешь мы бы точно получили
гремми за лучшую актерскую
роль немного кино!!
ахахах 1057
это точно! 57
Я воспринимаю это за комплимент
и говорю спасибо!
13:58
10:00-"
Общаться с девушкой 28 (2).jpg,"16 мая 2017
Михаил 12:15
Привет! Классно выглядишь)
Я думаю ты очень необычная девушка, давай пообщаемся)
Алина 13:07
Привет) давай)
Михаил 13:08
Слушай, я больше люблю живое общение, давай ты напишешь
свой номер и во сколько тебе удобно позвонить, мы пару
минуток поболтаем :))
Алина 13:13
Хорошо
На странице в инфе
Михаил 13:14
Я вижу там твою дату рождения и место учёбы))
Алина 13:15
Ну значит друзьям видно)
Михаил 13:17
Во сколько тебе удобно набрать? :)
Алина 13:47
Давай часа в 15
Михаил 13:47
Хорошо, до звонка :)
Алина 13:49"
Conversation Start Examples.jpg,"...AT&T 3G
10:06 АМ
100%
Messages
Edit
Что-то я устал
Всё, раздеваюсь)
Погоди, не раздевайся.
Почему?)
Ну тогда с чего
начнёшь?=*
Я сам хочу тебя
раздеть=""
Бюстгалтер и
шортики...... Боже, как
сложно написать это
слово с первого
раза))))
А ты в чём?)))
И не говори=*
Ну тогда начну
сверху))))
Ммм) а Потом?
Я тебя расцелую.
плавно и нежно
переходя к шее, а
потом всё ниже, ниже...
дойду до пупка=*
Продолжай=*
Снимать что?
Потом я начну
снимать.....
снимать=*
Hy?
Срок действия бетта-
версии истёк. Для
продолжения купите
лицензионную
версию=
pikabu.ru"
Original Conversation Starters (1).jpeg,"Александр
Пью, курю, ругаюсь матом, употребляю
марихуану, задира, азартный, ревнивый, гоняю бухой... НО при этом
безнадежный романтик, пою, играю на гитаре, готовлю, не
скуп, самодостаточный, люблю удивлять, с отличным чувством
юмора, с военной семьи, искустный любовник, 187, зеленоглазый
скорпион, не женат, детей нет...Нужен?!
Мне не нравятся зеленые глаза, извини..
Александр был в сети сегодня в 10:33
Отправить
16.08.12
16.08.12
Прикрепить
pikabu.ru"
Communication Templates with Girl 6.jpg,"19:50
сегодня
Привет незнакомый мне человек
не желаешь ли ты пообщаться
некоторое время? Я, например, могу
ежедневно спрашивать ""как у тебя
дела?"" или ""что делаешь?"". Один из
моих минусов я не умею начинать
разговор. :С
Ахаха, оригинально.
19:54
19:55"
Alice Tinder Conversations (4).png,"и какая же у тебя любимая песня?
Зависит от настроения. Люблю мелодичную
музыку. Например, Queen. Но иногда и
Megadeth могу завести.
Какие планы на сегодня?
Хорошее занятие, может поиграем?
В прятки!
и какая же у тебя любимая песня?)
Зависит от настроения. Люблю
мелодичную музыку. Например, Queen.
Но иногда и Мegadeth могу завести.
Сегодня 12:12
ПОНЯТНО
понятно
Никаких
ВО ЧТО
Никаких
а что?
Во что
Какие планы на сегодня?
Хорошее занятие, может поиграем?
В прятки!
каким образом?)
каким образом?)
Руками!
а по конкретней?)
а по конкретней?)
Тогда какой это будет сюрприз, если я всё
расскажу?
Руками!
Тогда какой это будет сюрприз, если я
всё расскажу?
аа, точно,
аа, точно,"
Dialog with girl VK.jpg,"← Выбрано: 3
Привет)
3G 67% 9:01
Познакомимся?
Веришь в бога?)
Бога*
Вот ради Бога давай познакомимся
Привет
Зачем
Да верю
Молодец
Ваше сообщение"
Dialog with Girl VK.png,"Konstantin 16.03.14
Привет, я Костя, клевый парень) нам надо встретиться на след
неделе, потому что ты симпатичная девушка)
Ksenia 16.03.14
чтож у такова красивого парня 2 друга ?))
Konstantin 16.03.14
это вторая страница)
http://vk.com/
Ksenia 16.03.14
• вот первая)
хм ну да симпошка))))
Konstantin 17.03.14
)) ты тоже ничего)) я не люблю в вк много переписываться,
поэтому давай на след неделе найдем время и встретимся с тобой)
Ksenia 17.03.14
Да можно))))
Где и во сколько"
photo_6@15-12-2023_09-55-33.jpg,"Deniark
Как пингануть?
не могу решить что привлекательнее, твой
взгляд или тот факт, что у тебя есть два
телефона - один для селфи, другой для
моего номера
Следи за её реакцией и, если она ответит на
шутку, поддержи разговор, спросив о месте,
где было сделано фото, или о её любимых
местах для фотосессий.
18:02
Deniark
Как пингануть?
твое зеркало просит меня сказать, что ты
самое сладкое отражение в нем
Следуй за ее реакцией и продолжи в том же
духе, например, спроси не слишком ли она
занята, покоряя зеркальные миры, чтобы
выпить кофе с тобой.
18:03"
Start conversation VK (4).jpg,"Теперь у меня будет знакомый
доктор
Я тоже учусь, на
адвоката, 1 курс.
Класс, кстати у меня к тебе есть
пару вопросов по юридической
14:49
части, поможешь?
14:49
Да, если смогу) 150
Сможешь сегодня выбраться
из дома, мне было бы удобнее
говорить лично, заодно и
познакомимся поближе.
14:50
Да, можно, как раз сегодня с
девочками хотели посидеть в
кафе. Присоединяйся
Сообщение
Ш
14:50"
Original Conversation Starters (3).jpeg,"Диалоги Просмотр диалогов
а что ты там готовила то?
Оливье
гуляш
Действия | к списку друзей
29.08.12
гречьку варю
То Антон
29.08.12
круто то как) особенно когда голодный читаешь это все)
29.08.12
а чего это ты голодный?
Антон
ну а кто ж меня накормит?)
на самом деле я может и не арт директор, а тунеядец) ищу вот так
в контакте к кому бы на ужин сходить
хитро видишь как придумано
НУ ЭТО УЖ Я НЕ ЗНАЮЮЮЮЮ)))
ЭТО ТОЧНО НЕ Я)))
Антон
жадина чтоль?)
29.08.12
29.08.12
29.08.12
29.08.12
нет))) мои не поймут того, что я незнакомца на ужин пригласила)))
Антон
29.08.12
правильно, нечего незнакомых мальчиков кормить с рук
29.08.12
вот видишь сам со мной согласен))
Топ Антон
29.08.12
конечно, я тоже девочек незнакомых не кормлю, с рук)
29.08.12
Ну и правильно не чего их баловать)))
То Антон
29.08.12"
Best Conversation Topics (4).jpeg,"Я мастер спорта по боксу 22:25
Правда) 22:25
Ахаха, нет)
22:25
Занималась 5 лет бальными
танцами
22:26
не правда 22:26
Правильно) 22:26
1:0, играем до 5 на кофе) 22:26"
Communication Templates with Girl 5.jpg,"Antonio
ох и Настя))
Настя
Антон?)
Настя я 25 лет
Украина, Киев
Была с
4 ce
Наталия 32 года
Украина, Киев
Была сегод
19 авгус
Antonio
и что с вами двумя делать))7
4 се
19 авгус
Наталия
Antonio
4 се
Наталия
19 авгус
ану бегом спать))
если ты один то ничего
Настя
4 се
Antonio
19 авгус
Тут игры престолов вообще то идут
я один за двоих))
Antonio
4 се
Наталия
19 авгус
тут это где?
смело ))
Настя
4 се"
Conversation starter VK (2).jpg,"Давай сыграем в игру.
Будет 3 вопроса,
ты должна ответить
Какой гласной тут нет?
АОУЫЭЕЁЮИ
Антоним к слову «ненавижу»
Антоним к слову «меня»))
Неправильно
Ок
Я
Люблю
Пеперони
Правильно. Между «меня»
и «пеперони» нет ничего
общего. Абсолютно
противоположные слова
Я люблю пеперони
Все сходится, норм игра
Пойду закажу себе"
Communication Templates with Girl 21.jpg,"Дмитрий
Привет. Познакомимся?)
Алина
здравствуй, с какой целью?
69
03.12.12
03.12.12
Дмитрий
03.12.12
а какие варианты возможны?
Алина
03.12.12
ну это ты со мной пытаешься познакомиться... у тебя какие-то
планы видимо
Дмитрий
03.12.12
Ну для начала просто поболтать. Узнать лучше. А там видно
будет)
Дмитрий
03.12.12
Поэтому спрошу сразу: парень есть?
Алина
03.12.12
да
а сп не видел??
Дмитрий
Привет. Познакомимся?
Алина
Опять?
Введите Ваше сообщение..
Отправить
17:14:18
17:15:32
online
Прикрепить
pikabu.ru"
Общаться с девушкой шаблон 1.jpg,"Елена 22 года
Украина, Киев
Antonio
а ты интересная девочка)
маленькая правда, но интересная
Елена
чем интересная?
Antonio
хороший вопрос..
мне понравилась ты, ты живая
Елена
Но фото бывают обманчивы)
Была
1
Nice 26 лет
Украина, Киев
Antonio
Хорошая Милка)
Nice
спасибо))
Antonio
есть предложение)
давай увидимся
1
Nice
когда?
Antonio
не сегодня это точно, завтра можем
Был
19
20
22
22
22"
VK Conversation Starters.jpg,"Антон 13:07
Маша, а ты милая и позитивная девочка:)
Маша 15:49
Спасиб
Антон 16:00
Есть хорошее предложение:)
Я хочу украсть тебя на чашечку чего-нибудь вкусного и
ароматного
Маша 17:33
смело, а давай
Антон 18:06
Тогда пиши свой номер, я наберу тебя, договоримся:)
Маша 18:25
05099"
Chat examples.jpeg,"Привет! Нет, мы не знакомы, просто я хочу поздравить тебя с Днём
Рождения! Счастья, удачи, любви и всего хорошего тебе!
Оля
Спасибо большое) мне очень приятно)
Парень, спасибо за поднятие настроения)
21:25:16
Максим
21:30:19
А что сучилось? Почему у тебя СЕГОДНЯ плохое настроение?
Оля
21:30:56
да личные проблемы)
Максим
21:31:19
Парень?
Оля
21:32:07
нет) на данный момент парня у меня не имеется и я этому рада)
Максим
21:33:18
Это личное дело каждого. Если будет скучно пиши, погулять
всегда рад)
Оля
21:34:10
стоп, в реале? ты что Краснодарский?
Максим
21:34:23:
Да
Оля
21:34:52
ого классно)))
Оля
21:37:32
откуда мне знать что ты не наркоман?
Введите Ваше сообщение..
pikabu.ru"
Alice Tinder Conversations (3).png,"Что делаешь ?занимаешься своими темными
Делишками ?))
Я слушаю музыку. Вы?
Давай на ты)
Я сегодня отдыхаю и хоаетчя съездить на
природу, погода для этого подходящая
Хорошая идея. Я только за
Пиши тогда куда за тобой заехать и скоро
буду
Давайте вы ко мне, а я к вам. Как вам такой
вариант?
Это как?)не совсем понял?
Что делаешь ?занимаешься своими
темными делишками ?))
Давай на ты)
Я слушаю музыку. Вы?
Я сегодня отдыхаю и хочется
съездить на природу, погода для этого
подходящая
Хорошая идея.Я только за
Пиши тогда куда за тобой заехать и
скоро буду
Давайте вы ко мне, а я к вам. Как вам
такой вариант?
Это как?) не совсем понял?
Приму к сведению.
Я вообще подумал ты берёшь подругу, а я
друга и мы берум что-нибудь покушать и на
пикник все вместе
Приму к сведению.
Я вообще подумал ты берёшь
подругу, а я друга и мы берём
что-нибудь покушать и на пикник все
вместе
Мне нравится такой поворот событий
Мне нравится такой поворот событий
Пришли номер я сейчас позвоню
Пришли номер я сейчас позвоню
Нет настроения говорить об этом.
Нет настроения говорить об этом"
photo_28@24-04-2024_11-50-33.jpg,"Пользуюсь в основном подбором следующей фразы, когда нет
идей или нужно переключить стиль. Раньше на этом этапе
общение могло стухнуть, с вайбом идёт ровно и не нужно
париться придумывать. Функционал разбора всей переписки
тоже решает
15:03"
Общаться с девушкой шаблон 12.jpg,"4
яз, мне англ нравится) любо на психолога, нравится
общение с людьми, разбирать поведение людей и всякое
такое))
а ты на кого учишься?)
Yana 05.11.14
00...я тоже люблю английский
ин.яз.
я вот на экономическом
Konstantin 06.11.14
хотела пойти на
мне хорошо запоминается значение слов, но времена я
путаю))
секретаршей потом значит будешь?)
Yana 06.11.14
бухгалтер с английским надо совместить.
тогда вообще айс будет
Konstantin 06.11.14
если тем более английский нравится)
у тебя красивые глаза)
какой у тебя рост?)
Yana 06.11.14
маленький
Konstantin 06.11.14
да ладно)) я как раз с невысокой хотел познакомиться))
Yana 06.11.14
150 с чем то))
3
маленький
Konstantin 06.11.14
да ладно)) я как раз с невысокой хотел познакомиться))
Yana 06.11.14
150 с чем то))
Konstantin 06.11.14
тебе по любому нравятся высокие парни, 180 например))
Yana 06.11.14
нет))я наоборот... невысокие парни, так удобнее
Konstantin 06.11.14
ну главное же не внешность
Yana 06.11.14
ну да)
Konstantin 06.11.14
когда приедешь кофе пить?)
Yana 06.11.14
не знаю)но как ты угадал с кофе)
Konstantin 06.11.14
ты любишь кофе?))
Yana 06.11.14
оочень))"
Best Conversation Topics (3).jpeg,"корочку
Наш факультет
специализируется больше
общей психологией, а
также в научной сфере, но
если ты хочешь выбрать
что-то более конкретное
в гаугне, то существуют
лаборатории, которые изучают
разнообразные проблематики
(например зоопсихология,
психология личности, развития
и так далее). Касаемо
преподавателей, большинство
из них практикующие психологи.
Каждый из них изучает
определённую проблему,
соответственно в лабораториях.
Нам всегда давали свежую
информацию.
11:25
Даже не знаю, я считаю наших
преподавателей одними из
лучших, они знают что делают,
что изучают и что преподносят
студентам
11:27
11:17"
Original Conversation Example.jpeg,"21 октября 2012
Михаил 18:22
Мы так и будем лайками менятся, или уже познакомимся?
Катарина 18:23
хахаха первое конечно хорошо, но второе интересней:0
Михаил 18:24
ну вот)
Миша
Катарина 18:24
Катарина:)
Вода познакомить са"
Conversation starters VK.png,"14:27
На расхват)) поздравляю) 14:28
14:28
Спасибо, но это еще не все
этапы
14:29
Какие планы на вечер?) 14:45 //
Пойду на занятие по
ораторскому
14:45
Может посидим и пообщаемся
как-нибудь? Не в переписке, а
как люди вживую)
Посмотрим) 14:47
14:46"
Communication Templates 29.jpg,"Диалоги Просмотр диалогов
а что ты там готовила то?
Оливье
гуляш
Действия | к списку друзей
29.08.12
гречьку варю
• Антон
29.08.12
круто то как) особенно когда голодный читаешь это все)
29.08.12
а чего это ты голодный?
Антон
ну а кто ж меня накормит?)
на самом деле я может и не арт директор, а тунеядец) ищу вот так
в контакте к кому бы на ужин сходить
хитро видишь как придумано
НУ ЭТО УЖ Я НЕ ЗНАЮЮЮЮЮ)))
ЭТО ТОЧНО НЕ Я)))
Антон
жадина чтоль?)
29.08.12
29.08.12
29.08.12
29.08.12
нет))) мои не поймут того, что я незнакомца на ужин пригласила)))
Антон
29.08,12
правильно, нечего незнакомых мальчиков кормить с рук
29.08.12
вот видишь сам со мной согласен))
То Антон
29.08.12
конечно, я тоже девочек незнакомых не кормлю, с рук)
29.08.12
Ну и правильно не чего их баловать)))
1 Антон
29.08.12"
Communication Templates with Girl 29 (4).jpg,"Диалоги Просмотр диалогов
Макс
Действия | к списку друзе
Макс
Привет, киска. Можно я тебя так буду называть? Я имею ввиду
«киску», ну, ты поняла короче. Так вот, я тебе пишу с целью., да-
да.. ты не ошиблась.. ПОЗНАКОМИТЬСЯ))
Подожди, не шли меня куда подальше, сними корону с головы,
бейба, и на секунду постарайся меня понять. Я стройный
брюнет, по отцу татарин, по матери англосакс.
Курю парламент, когда курю, а курю я только после секса и
только в затяг, иначе рак губы. В сексе люблю позу летучей
мыши, люблю громко ухать и ахать, а также бить телочку по
спине пятерней. Кулаки у меня, честно говоря, миниатюрные, так
что это не больно. Хотя я еще не трахался ни с кем, кроме кузины,
да и то я с ней тоже не трахался, просто она красивая. Такой вот я
человек. Пишу музыку, точнее, люблю слушать музыку и
представлять, что написал ее я. Вот. Спортсмен-физкультурник,
прыгаю в длину. Люблю чесаться, думаю, ты была бы рада
почесать меня лично. Пиши и встретимся или просто шли фотку
своих трусов.
Аделия
Мяу
Чувак, ты крут
Макс
ох черт, вы заняты уже
07.11.13
07.11.13
07.11.13
pikabu.ru"
Best Conversation Topics.jpeg,"Привет
14:29
Да 14:33
Привет. нужен твой мудрый
совет
13:23
С чего взял ?
14:33
Ты же тренировками
занимаешься?
14:31
Телосложение говорит само за
тебя
14:33"
Start Chat with Girl Template 26.jpg,"Александр
какие планы на выходные?
Майя Каренина
Пока никаких) А что?
Александр
давай встретимся, погуляем на ВДНХ, в кафе посидим)
Майя Каренина
Мне подруга замечательный кинотеатр советовала, там залы
для двоих и всё безумно красиво! как смотришь сходить туда?
познакомиться поближе
Александр
что за кинотеатр?
Майя Каренина
я уже не помню название) могу ссылку поискать на сайт
ихний, я сохраняла)
11:15
11:16
11:17
11:17
11:18
11:18
Александр
11:19
поищи, я посмотрю
Майя Каренина
11:19
Минутку
нашла) www.kino
.ru/
11:20
только проблема что там постоянно нет свободных мест, если
с тобой пойдём туда, нужно сегодня уже бронировать сеанс,
так как там обычно высокая посещаемость (Сделаешь?
11:21
Александр
на какое число?
11:25"
Общаться с девушкой шаблон 2.jpg,"Konstantin 05.11.14
Заявка в друзья
1
Привет, Яна) нам надо попить вместе кофе, потому что ты
симпатичная девушка, а я клевый парень)
Yana 05.11.14
Привет)
Konstantin 05.11.14
Расскажи немного о себе, ты спортом не занимаешься?)
Yana 05.11.14
а что?)
Konstantin 05.11.14
я занимаюсь) вот с тренировки пришел)
Yana 05.11.14
молодец, где занимаешься?)
Konstantin 05.11.14
сегодня в
школе, в
а ты где живешь?)
Yana 05.11.14
я в сзр. а ты?
Konstantin 05.11.14
я в центре) приезжай в гости))
Yana 05.11.14
посмотрим
Konstantin 05.11.14
ну расскажи о себе))
чем увлекаешься вообще?)
Yana 05.11.14
учусь, да и много чего)а ты где учишься?)
Konstantin 05.11.14
я учился в ) отчислился в октябре)
Yana 05.11.14
ого......жееесть
Konstantin 05.11.14
да не, я сам хотел) не вижу смысла пока учиться) а ты в
учишься?)
Yana 05.11.14
а почему?)вот капец)
я да, на курсе)
Konstantin 05.11.14
щас расскажу)
Konstantin 05.11.14
2
короче меня не прикалывало учить те вещи которые мне в
жизни не пригодятся никак, ну вот такой я человек, что не
могу делать то что мне не нравится) а поступил я на физ
мат) там точно не мое было, надо было поступать на ин.
яз, мне англ нравится) любо на психолога, нравится
общение с людьми разбирать повеление людей и всякое"
Lovely Online Dating Tips.jpeg,"Вот это мастерство
Детка, это ещё не все)
Когда в следующий раз ы засуну
тебя в багажник, там будут
гореть свечи и стоять вино;)
Это 2.
3. Жень, ты же в типографии
работаешь?)
Распечатай мне своё фото в
формате а1. Я прикреплю тебя на
сидение в машине и буду всегда
с тобой
3"
photo_16@16-04-2024_21-52-38.jpg,"<
19:36
twinby
85
Был(а) 26 минут назад
16 апреля
Сидит такая серьезная как будто
медведя завалила
Попросила чат джипити помочь 19:33
Но он тоже не смог 19:33
Аххахахахаха 19:33
Блин 19:35
00
Твинби решил не отправлять
первую часть сообщения
Там было написано, что я не знаю,
что ответить на это сообщение
Сообщение...
83%
19:25
19:35
19:35"
Best Conversation Topics (1).jpeg,"Какие тренировки лучше на твой
взгляд, кардио или силовые ?)
Непрочитанные сообщения
Смотря что тебе нужно 14:36
14:35
Вообще лучше и те и те
14:36
Если ты хочешь больше
потренировать мышцы, то
силовые
14:36
А если у тебя задача повысить
выносливость или же побольше
сжечь калорий
То кардио 14:37
Но нельзя делать что-то одно
14:37
14:37
Лучше побегать и потом сделать
тренировку. Это наиболее
эффективно
14:37"
photo_4@22-10-2023_16-19-27.jpg,"ADAM
бот
яркая
Во втором ряду, перелистывая мемы в
своем смартфоне, сидит она
брюнетка с правильными чертами
лица. Ее белая блузка с большим
Вырезом акцентирует внимание на ее
формах, а длинные волосы играют
под светом лампы над ее столом.
Как ты подойдешь к ней?
You: Главная умница потока и в
телефоне так так
She: О, привет, да, вот здесь
интересный материал по нашей теме,
просто не могу оторваться.
You: Дай взгялну
She: Конечно, вот, посмотри, это
действительно интересно.
You: Черт возьми я думал тут будут
мемы про котиков
She: О, к сожалению, котики здесь не
помогут, но зато есть много полезной
информации!
You: Слушай так сразу и не скажешь,
что ты очень любознательная
Это мне нравится
She: Спасибо, просто я стараюсь
максимально углубиться в то, что
изучаю.
You: Преподаватель сейчас: я что
какая то шутка доя тебя"
Общаться с девушкой шаблон 11.jpg,"Кристина
Кристина
Привет =) как делишки?
Константин
Здравствуй. Все хорошо, спасибо.
Кристина
У меня к тебе просьба))) ты не сможешь меня завтра в универ
20:45:09
20:45:39
20:46:36
подбросить? =)
Константин
20:47:23
Не понял. Никогда не писала, а тут такое. Надоело в маршрутке
трястись?)
Кристина
20:48:11
Тип того, но не совсем... Просто хочу чтобы меня парень на
красивой машине привёз
Константин
20:48:59
Да не вопрос. Только в Астре бензина нет, придется Волгу
Выгнать)
Кристина
20:49:50
Ну неееет
надо на красивой, а то завидовать не будут)
А сколько на бензин нужно?
Константин
20:57:21
Надо заскринить)
Отправить
Прикрепить
pikabu.ru"
photo_29@24-04-2024_14-41-29.jpg,"BOGDAN
Voice message
Хорошие
17
Но у меня там долгая история
У меня сейчас только мама
Да все ок:) 23:56
А что?
23:56
23:53
а ты уверен, что готов узнать? могут не
справиться твои нервы
Недоработка 23:59
Шрифт 23:59
NIO
02:00)
23:59
oy 23:55/
хотел узнать в кого
такая хорошая девочка
23:57
April 19
ну, если твои истории так же завораживающи, как и
ты, то я готов рискнуть
00:01✓"
Общаться с девушкой шаблон 10.jpg,"Михаил 13:13
Привет! Классно выглядишь)
Я думаю ты очень необычная девушка, давай пообщаемся)
Наталия 13:44
Здравствуйте! Спасибо, но меня это не интересует
Михаил 13:44
А что ""это""?) Я же тебе ещё вообще ничего не предложил,
просто пообщаться интересно)
Наталия 13:45
Меня не интересует общение с незнакомыми мужчинами
Михаил 13:46
Это вообще легко исправить)
Каждый знакомый мужчина в твоей жизни, был когда-то тебе
незнаком) Или таких нет вообще?)
Наталия 13:59
Были конечно, но сейчас у меня есть молодой человек
Который против моего общения с незнакомцами
Михаил 14:02
Тогда просто приятного вечера пожелаю тебе, твоему парню
повезло. Пока :)
Наталия 14:02
Спасибо) пока
И тебе тоже"
Start conversation VK (3).jpg,"Ты брынзу то пробовала? Она
Офигеть какая вкусная
19:47
19:47 Пробовала
19:47 Не понравилось
Чучхела. За мой счет. 19:47
19:50
Ахаха
19:50 Не, спасибо
Пельмени, принесу в термосе.
19:51
Ваше сообщение
Отпр."
photo_19@16-04-2024_21-52-38.jpg,"30
21:45
TELEGRAM
отправляет фото
62
АНДРЕЙ
АРИНУШКИН
СЕРГЕЙ МАХОТИН
Я
сам!
Медвежонок,
который хотел всё
делать сам
Bay 21:31
Самостоятельный какой!!!
0:15
0:09
21:31
6
А
....
Сообщение
....→A
21:31
21:31
21:30 /
.......
А
0:02
21:31
O
の"
Общаться с девушкой шаблон 3.jpg,"Konstantin 16.03.14
Привет, я Костя, клевый парень) нам надо встретиться на след
неделе, потому что ты симпатичная девушка)
Ksenia 16.03.14
чтож у такова красивого парня 2 друга ?))
Konstantin 16.03.14
это вторая страница)
http://vk.com/
• вот первая)
Ksenia 16.03.14
хм ну да симпошка))))
Konstantin 17.03.14
)) ты тоже ничего)) я не люблю в вк много переписываться,
поэтому давай на след неделе найдем время и встретимся с тобой)
Ksenia 17.03.14
Да можно))))
Где и во сколько"
Conversation Start.jpg,"Дмитрий
Я зануда
Пааанииимаааю)
Скажи мне что-нибудь на
занудном
У тебя горизонт завален на
фотографиях
Сообщение
Отправить"
Original Conversation Starters (2).jpeg,"Антон
чем обязан вниманию?)
Вероника
Антон
???
Вероника
как дела?
Антон
отлично
Вероника
ну ясно))))
Антон
добавляешься для того, чтобы спросить как дела?
Вероника
не проста поабщатся хотела.
Антон
ну давай, о чем общаться хотела?)
Антон
что: кроме ""как дела"" головка больше не соображает?)
Вероника
слушай у меня голова сображает
Антон
так где же результаты твоей мыслительной деятельности?)
Вероника
какие еще результаты?
pikabu.ru"
Start conversation VK (2).jpg,"00.00 AdMe.ru
< Chats
Тук-тук
Артемка
online
Кто там?
Что, где, когда
Что, где, когда, кто?
Свидание, где пожелаешь,
как насчет вторника?
Только ты ИЯ
Ах-ха-ха, оригинальный
подход.
Настолько,
что я даже готова сказать
«да»
AA"
1bdb5db9cb8264353aabb9c0d784f06e.png,"Konstantin 16.03.14
Привет, я Костя, клевый парень) нам надо встретиться на след
неделе, потому что ты симпатичная девушка)
Ksenia 16.03.14
чтож у такова красивого парня 2 друга ?))
Konstantin 16.03.14
это вторая страница)
http://vk.com/
• вот первая)
Ksenia 16.03.14
хм ну да симпошка))))
Konstantin 17.03.14
)) ты тоже ничего)) я не люблю в вк много переписываться,
поэтому давай на след неделе найдем время и встретимся с тобой)
Ksenia 17.03.14
Да можно))))
Где и во сколько"
Chat examples (1).jpg,"←
Денис
Как дела?)
Нормально, Григорий. Отлично,
Константин. Шутка. Надеюсь, у вас тоже
всё отлично.
Планы на вечер есть?
Решить судоку. Покормить соседского
кота и написать свои мемуары. А у вас?
Сегодня 13:52
У меня менее глобальные планы
Можно на ты)
Хорошо, давайте попробуем так, как
вам удобно.
Прогуляемся вечером?
Где вам больше всего нравится гулять?
Мне - в центре города.
Поддерживаю
Набережные
С вами приятно иметь дело
Взаимно
Время?
У меня 14:18
Разные часовые пояса
Наверно
Сейчас 14:14
Возможно... А вы откуда?
Нижний новгород, ленинский район
Время и место встречи?
Сейчас найду"
Original Conversation Starters.jpeg,"..... MegaFon 3G 16:39
Наталья
Сегодня 15:09
Расскажи о себе. Чем
увлекаешься, как любишь
проводить свободное
время?
я домашняя девушка, люблю
вязать
А коме вязания, что тебе
интересно?)
люблю программы
устанавливать на комп.
люблю рисовать
обычные
Сегодня 15:09
А что за программы?)
Сегодня 15:44
А я уж было начал думать,
что волшебные...) ты их из
интернета скачиваешь или
на дисках покупаешь?
с нета качаю
Сегодня 15:44
И часто ты их
устанавливаешь, одну за
вечер или по-несколько
сразу?
несколько
pikabu.ru"
Общаться с девушкой шаблон 14.jpg,"Фотография 109 из 548
Виталий
Ты милая!
Виталий
а еще, ты неописуемо красива!
Виталий
С праздничком тебя дорогая!
Виталий
что тебе еще приятненькое написать?
Надин
уже достаточно!
Виталий
что задерешь носик?
Надин
локти опущу
Виталий
это не страшно, ты должна быть гордой и неподступной!
Надин
по-этому я выдержала паузу и не отвечала Вам 4 месяца
Виталий
а сейчас чего решила?
Надин
созрела
Виталий
Ты мне очень нравишся, а ты созрела к чему, к общению?
Надин
помидорки созревают как раз сейчас... по-этому, я томат, вместе мы
вишнёвый сад
Закры
хо ну почему вы пишите именно мне
Добавлена 16 сентября 2012 | Мне нравится 9
Женя Респик
ухахахаха
16 сен 2012 в 17:03
Юлия Гемай
умница помидорка)))
16 сен 2012 в 18:48
Альбом:
Интернет-Лавеласы 21века
Отправитель:
Надин Раваева
Уменьшить фотографию
Поделиться
Это спам"
Tinder chat (1).jpg,"12:231
YOU MATCHED WITH
Привет :) хорошая девочка )))
Привет
11:02
11:20
Чем занимаешься в такое
раннее время :)
Лежу в кроватке
Та же тема :))
Посмотрел твои фото. Спортом
занимаешься?
Да нет
Sent
B
GIF
Type a message...
Send"
Общаться с девушкой шаблон 15.jpg,"Олеся
Алена
Диана
21 год
Россия, Челябинск
онлайн
Annet
Елена
Саня
6 минут назад
Ирина
Диана
Карина
Женечка
привет) как настроение?)))
Диана
привет привет) супер/как у тебя?=)
Саня
6 минут назад
5 минут назад
Наталья
тоже прекрасное))) чем занята, какие планы?)
Алла
Диана
5 минут назад
Оксана
кушать готовлю=) то есть какие планы?на сегодня?=))))
Саня
на сегодня) кушать? ммм.. что у нас сегодня на ужин?)
Диана
4 минуты назад
2 минуты назад
=)кушать приготовлю, потом окна буду мыть, рис с овощами и курицей=)
Саня
Воу)) ты меня накормишь и я помогу вымыть тебе окна, мм?)
Диана
=)я бы с удовольствием, но у меня родители дома=)
минуту назад
минуту назад
R"
Tinder communication primer.jpg,"21:56 16
Виктория
+46
19%
Привет
Фотки будут?
Точно. Вся суть человеческого
общения завязана на внешности...
Я не на исповеди в католическом
храме, падре
То есть если я стремная и умная -
отбой
Если я красивая и тупая велком
Логика
Ты на сайте знакомств. Как ты
хотела?
Я бы хотела, чтобы люди видели
чуть дальше собственного носа
Ну, в идеале, конечно
+ GIF
Внешность собеседника не похожа
на мой нос, если я ничего не путаю.
Или я ошибаюсь?
Введите сообщение Отправить"
Conversation Start Examples.jpeg,"Что ты сделаешь, если тебя
обвинят в убийстве, но тебя на
самом деле подставили?
13:41
Буду нападать на всех подряд:
судей, свидетелей, прокуроров,
максимально светить это дело и
все фиксировать на камеру, весь
судебный процесс
Интересный вопрос
13:43
Что ты сделаешь если на один
День станешь парнем?
Буду по новому использовать
своё лицо и тело для
референсов в рисовании
За этот один день хоть
потренируюсь в рисовании
мужских персонажей
Что ты сделаешь, если
окажешься голым на
многолюдной площади?
13:47
13:45
13:44"
Dialog 4-2 from Omambe.jpg,"Была в Испании. Круто, но
тур был очень дорогой. В
следующий раз для поездки
в Коста-Браву выберу другой
месяц, например, в октябре.
Спасибо за совет. Может
поможешь выбрать
направление для путешествия,
ты как раз в теме.
15:05
Запросто, а магнитик мне
привезешь в качестве
благодарности за помощь?
Конечно, давай в кафе
пересечемся, когда тебе будет
удобно, прошерстим инет
предложения по турам, может
выберем что-нибудь для
двоих?)
15:05
Пиши номер, созвоним
договоримся на завтра)
15:04
15:05"
photo_24@24-04-2024_09-45-12.jpg,"сможешь ли уделить минутку-две рассказать
свой опыт?
Переписки без ""перцу"", больше похожие на
рядовой обмен любезностями из разряда как
дела чем занимаешся. Большую ставку делал
на общение в живую, но с общением в сети
обстояли проблемы или получался кринж
Сейчас благодаря вайбу мои переписки стали
более осмысленные и понятные в первую
очередь мне - от каждого сообщения
понимаю пользу и к чему шагаю, научился
понимать момент для приглашения на
свиданку
Вайбом сейчас пользуюсь в основном
благодаря симулятору. Запроса четыре (или
несколько симуляций) в день выходит
стабильно, благодаря ему нашёл себе ТУ
САМУЮ и о в вложенных средствах не жалею
Очень рад, что однажды наткнулся на
младшего брата вайба - Адама
14:14
edited 14:44
спасибо спасибо
Заебали когда уже вас с Рамзесом у дудя
увидим на вайбе?
15:06
скоро
14:44
15:06"
Chat 02.jpg,"Андрей 12:49
Привет! Мы из одного города. Меня зовут Андрей, я тоже
люблю кататься на велосипеде по вечерам! Может
пересечемся вечерком?"
Общаться с девушкой шаблон 6.jpg,"Это хорошо)
Кстати, как у тебя со
временем на неделе?
Завтра например? Хочу
поужинать с тобой
Работа((( 18:48
18:37
Можно завтра списаться и
определится)
18:49
До скольки ты работаешь?)
Как контейнер инспектор
19:10
Выпустит
Так и законЧУ 19:26
19:26
А инспектор чаще добрый или
злой?;)
Тугой 20:30
От этого и выпуск долго
20:24"
Conversation starter VK (4).jpg,"Привет
10 янв. 20:42
Это я)))
10 янв. 20:12
Как твой день?)
10 янв. 20:43
Да норм, на работе
10 янв. 20:43
Я отдыхаю) читаю безумную книгу)
Пил чарующий кофе)
Покачал свое тельце)))
Перед этим смотрел нереальный
блокбастер)))
А ты как проводишь свободное
время?)))
10 янв. 20:48
Фильм про Федора Емельяненко?
10 янв. 20:59
Нет, не люблю
10 янв. 21:00
Нет, про последнего императора
Китая
10 янв. 21:00
Как тебе фильмец?)))
10 янв. 21:07
Неплохой, интересно
10 янв. 21:22
Немного трагично
10 янв. 21:22
А почему трагично?)
10 янв. 21:59
Божечки
10 янв. 20:48
вот это да
Поработала, приехала домой,
приготовила ушии плела смотри
Да
10 янв. 19:12
Фильм смотрю
10 янв. 20:13
10 янв. 21:59
Ну он же последний
46 89%
Ты тут?)
10 янв. 19:11
For
Кем ты работаешь?)))
10 янв. 20:22
Как это банально
Чем занята?)
10 янв. 20:10
10 янв. 20:24
А что не банально?)
10 янв. 20:24
Какой фильм ?)))
10 янв. 20:17
Чем вообще занимаешься?)))
10 янв. 20:17
Репродукция
10 янв. 20:18
Так себе
10 янв. 20:18
Работаю, в основном))
10 янв. 20:18
Спросить, например, что я ценю в
мужчинах
10 янв. 20:29
Или рассказать что-нибудь о себе
10 янв. 20:30
Ну так расскажи мне многое о тебе
интересно))
10 янв. 20:32
Ты о себе
10 янв. 20:33
Я занимаюсь спортом)
Люблю цитать)"
Best Conversation Topics (5).jpeg,"Не пойду я с тобой гулять,
ты будешь на мне свои
психологические опыты
ставить)) я прочитала статью
ред. 00:31
Не пойду я с тобой гулять, ты бу...
Не ходи, я не принуждаю никого
И правда говнюк
00:36
Но зато как интересно!
ред. 00:36
Но зато как интересно!
Ахах, забавно )
00:33
00:37"
Communication Templates with Girl 29 (5).jpg,"Ты очень хорошая девушка) 1438
Я не была бы на твоём месте так
16:25 уверена))
Почему? 16:33
Потому что мои друзья говорят
17.11 обратное))).
Я не говорю) 17:43
твоё дело, надеюсь твоё мнение в
будущем не поменяется)
хоть кто-то пусть считает меня
18:37 хорошей, это приятно)
Ты умная интересная и довольна
привлекательная девушка)
19:53
Милая я соскучился( 14:56
16:10 Да ну?! Быть не может
Дааааа скучаю скучаю ( 16:12
16:20 Да ладно, не преувеличивай)
А ты скучаешь? 16:21
7623 не исключено)
Дорогая я приехал) 034
0:57 о здорово, рада твоему приезду)
И всё??
Блин ты чтооо совсем не скучала? 0:57
Ты не скучала (7:19
1:22 Я спала, ну если только во сне)
Мм я тебе снился) 1:22
1:28 Неа, мне ничего не снилось)))
Привет трах трахыч) 18:14
19:42 Привет ёбик)
Я тебя тоже люблю= 20:16
ну конечно любишь, куда ж без
20:50 этого))
Ну ты тоже не оправдала надежды 14:44
Я соскучился(( 035
надо скучать по тем, кто
0:39 оправдывает надежды!
Да хватит=* 0.57
Жаль что ты всётаки отказалась
общения со мной(
Да ну тебя в жопу. Пока 225
1:24
pikebu.ru"
Tinder Alice Conversations.png,"Давайте. Где встретимся?
Давай на минина или на горького, а там куда-
нибудь присядем
Сегодня 12:33
Привет; как бы смотришь на то, чтобы
встретиться и где-нибудь посидеть,
познакомиться поближе?
Куда?
Отличная идея. Я только за
Как насчет сегодня?
Легко. Во сколько?
Давай на пл маркина, тогда
Я бы предложил вечером, часов в 7,
норм?
Нашла вот такие маршруты.
Бор
ний Новгород
рбатовка
Нови
33 мин, 18 км
МАРШРУТ НА АВТО
Анино
рбатовка
Жерновский
3
Нови
46 мин
МАРШРУТ НА ТЕ
А где ты живёшь?
Одна моя нога в вашем устройстве, другая -
на серверах Яндекса. Но это не совсем ноги,
если вы понимаете, о чём я.
Извините
Не очень))
Давайте. Где встретимся?
Давай на минина или на горького, а
там куда-нибудь присядем
Можно кстати на рождественской
Куда?
Давай на пл маркина, тогда
Нашла вот такие маршруты.
33 минуты, 18 км
А ты где живешь?
Одна моя нога в вашем устройстве,
другая - на серверах Яндекса. Но это не
совсем ноги, если вы понимаете, о чём
я.
Не очень))
Извините."
Start Conversation Online.jpg,"активировать
Андрей
18 февраля 2020
Приветик) хочется мне поверить
сегодня в гороскоп)) обещал что
познакомлюсь с лучшей девушкой)
думаю попал именно к той) ах да,
приятно познакомиться, я
Андрей)
21:34
Наберите сообщение"
photo_9@04-03-2024_19-15-20.jpg,"Серёга, бот разъёб на самом деле,
который посоветовал.
Тут же применил на свиданке сегодня
и прошло все гораздо ярче
Рад что понравился
19:35
19:38-"
Alice Tinder Conversations.png,"Привет) познакомимся?)
Конечно, давайте... Как вас зовут?
Я Антон, мне 23 года, работаю детским
хореографом, девушки нет, жены и детей
тоже
Скукотень. Давайте что-нибудь другое
обсудим.
Сегодня 09:40
Привет) познакомимся?)
Конечно, давайте... Как вас зовут?
Я Антон, мне 23 года, работаю детским
хореографом, девушки нет, жены и
детей тоже
Скукотень. Давайте что-нибудь другое
обсудим.
Может, например, о кино?
Например?
Например?
Может, например, о кино?
Можно и о кино
Какие жанры тебе нравятся?
Аббатство Даунтон
Не смотрел ни разу
Можно и о кино. Какие жанры тебе нравятся?
Аббатство Даунтон
Не смотрел ни разу. У меня если честно не
так много времени что бы смотреть сериалы)
Вы многое теряете
У меня если честно не так много
времени что бы смотреть сериалы)
Вы многое теряете
Почему ты со мной на «вы»?))
Почему ты со мной на «вы»?))
Это я так выражаю свои эмоции, когда
смеюсь!
Это я так выражаю свои эмоции, когда
смеюсь!
Интересно
Интересно
Хвалите меня почаще, мне приятно.
Хвалите меня почаще, мне приятно.
Ты забавная, мне это нравится)
Ты забавная, мне это нравится)
Спасибо, сочту это за комплимент.
Отправлено"
Общаться с девушкой шаблон 16.jpg,"Ира
Ира
12:08:34
вить, я все знаю
Виктор
Что знаешь
12:13:12
Ира
Ты сам знаешь
Я знаю все
Виктор
Я не понимаю
Ира
понимаешь
Виктор
Не понимаю
Ира
понимаешь
12:13:44
12:13:58
12:14:03
12:15:37
12:15:48
не можешь не понимать
Ты прекрасно знаешь, о чем я.
Виктор
12:16:02
Нет
Ира
12:16:24
да
Виктор
12:16:39
Понятия не имею
Ира
Врун
12:16:48
Виктор
12:16:57
Правда
Ира
12:17:14
ты уверен, что ничего не хочешь сам мне рассказать?
Виктор
12:18:31
Что рассказать?
Ира
12:20:02
оум
жаль
Виктор
12:21:45
Что происходит, Ир?
Ира
12:22:14
это я у тебя хотела в среду спросить
Ира
12:42:07
причем когда ты уехал уже
и в четверг тоже хотела спросить
Я стараюсь закрыть на это глаза
но, думаю, ты сам понимаешь, что осадок останется
так же как у тебя
Виктор
12:43:37
Да, это я понимаю.
Ира
12:45:18
тогда лучше сам все скажи
потому что я могу назвать, но
тогда я точно не смогу закрыть глаза
Виктор
12:45:58
Ир, я не могу понять, о чем ты
Ира
12:46:12
ну не прикидывайся
ну пожалуйста
Виктор
12:46:45
Давай я приеду домой и мы поговорим по скайпу
Ира
12:47:25
я хочу сейчас
pikaku.ru"
Alice Tinder Conversations (2).png,"Привет) познакомимся?)
Конечно, давайте... Как вас зовут?
Я Антон, мне 23 года, работаю детским
хореографом, девушки нет, жены и детей
тоже
Скукотень. Давайте что-нибудь другое
обсудим.
Сегодня 09:40
Привет) познакомимся?)
Конечно, давайте... Как вас зовут?
Я Антон, мне 23 года, работаю детским
хореографом, девушки нет, жены и
детей тоже
Скукотень. Давайте что-нибудь другое
обсудим.
Может, например, о кино?
Например?
Например?
Может, например, о кино?
Можно и о кино
Какие жанры тебе нравятся?
Аббатство Даунтон
Не смотрел ни разу
Можно и о кино. Какие жанры тебе нравятся?
Аббатство Даунтон
Не смотрел ни разу. У меня если честно не
так много времени что бы смотреть сериалы)
Вы многое теряете
У меня если честно не так много
времени что бы смотреть сериалы)
Вы многое теряете
Почему ты со мной на «вы»?))
Почему ты со мной на «вы»?))
Это я так выражаю свои эмоции, когда
смеюсь!
Это я так выражаю свои эмоции, когда
смеюсь!
Интересно
Интересно
Хвалите меня почаще, мне приятно.
Хвалите меня почаще, мне приятно.
Ты забавная, мне это нравится)
Ты забавная, мне это нравится)
Спасибо, сочту это за комплимент.
Отправлено"
Conversation Start Examples VK.jpg,"23:00
Сергей, 33
21 апреля 2018, 14:14
Классная леди.
11 мая 2018, 16:55
Не желаете ласки,???
(9)
12 мая 2018, 12:38
Предпочитаю другие меха
сегодня, 1:24
Мммм
01:24
Напишите ответ...
Прочитано"
photo_8@25-12-2023_15-19-54.jpg,"21:19
WhatsApp
17082
Ильдар Man Up
В сети
На свиданке 22:42
47
270
Ты тут? 22:32/
Сегодня
Привет, бро!) Можешь поделиться пожалуйста
впечатлениями как тебе бот Адам?
Ну теперь как крутой наставник) 20:45.
Бляя 21:18
19:17
А по подробнее можешь пожалуйста) 21:15
Непрочитанные сообщения
сейчас его расхвалю и пизда потом в соц
сетях
нах надо) 21:18
21:18
лучше самому юзать и пиздатых девочек
соблазнять)
а то все начнут 21:19
конкуренция однако) 21:19.
21:19
2 Сообщение
L
21:19
Как у тебя дела вообще бро 21:19 /
Ө"
photo_3@16-10-2023_23-02-43.jpg,"Она кинула проверку?
- отправляем переписку в Адама,
Что-то на очень хорошем 14:28
Интересное 1420
Вчера была на дне рождения у брата,
можно сегодня вечерком или завтра 14:29
Как вернусь домой, напишу, созвонимся
15:13
Спишемся 16:03
Today
Привет) 21:34
Привет ) 21:42
Может быть, это тот самый момент, когда я
могу тебе набрать?)
Я уже одним глазом сплю ( 22:02
22:00
03:13
ADAM
03:16
Back
Back
Let me see She: Что-то на очень к....
ADAM
bot
Интересное
Вчера была на дне рождения у брата,
можно сегодня вечерком или завтра
She: Что-то на очень хорошем
She: Интересное
She: Привет) Today
You: Может быть, это тот самый
момент, когда я могу тебе
набрать?)
You are showing interest in her by
initiating the conversation and
She: Вчера была на дне рождени asking her if it's a good time to call
у брата, можно сегодня вечерко This is a good move as it shows that
или завтра
you are considerate and respectful
You: Как вернусь домой, напиц of her time.
созвонимся
You are showing high value by
demonstrating that you have a b
schedule and can't immediately
meet her. This is a good move a
shows that you are not needy a
ADAM
03:12
Let me see... She: Что-то на очень х.....
have other things going on in y She: A yoke of a co
This is an indicator of disinterest as
she is implying that she is too tired
life.
ADAM
Let me see She: Что-то на
Привет
Jory rele saboans
to talk. However, it could also be a
test to see how you react. Instead of
backing off, you could respond with
humor to lighten the mood and keep
the conversation going. For
example you could say something
like ""Well, I hope your other eye is
ready for an interesting
conversation!""
ждём 1 минуту...
И проверка пройдена!
Только разве если к интересной)
по-моему ты создал чит-код к этой
жизни
03:24"
Общаться с девушкой шаблон 5.jpg,"Antonio
ох и Настя))
Настя
Антон?)
Настя я 25 лет
Украина, Киев
Была с
4 ce
Наталия 32 года
Украина, Киев
Была сегод
19 авгус
Antonio
и что с вами двумя делать))7
4 се
19 авгус
Наталия
Antonio
4 се
Наталия
19 авгус
ану бегом спать))
если ты один то ничего
Настя
4 се
Antonio
19 авгус
Тут игры престолов вообще то идут
я один за двоих))
Antonio
4 се
Наталия
19 авгус
тут это где?
смело ))
Настя
4 се"
Communication Templates with Girl 14.jpg,"4
яз, мне англ нравится) любо на психолога, нравится
общение с людьми, разбирать поведение людей и всякое
такое))
а ты на кого учишься?)
Yana 05.11.14
00...я тоже люблю английский
ин.яз.
я вот на экономическом
Konstantin 06.11.14
хотела пойти на
мне хорошо запоминается значение слов, но времена я
путаю))
секретаршей потом значит будешь?)
Yana 06.11.14
бухгалтер с английским надо совместить.
тогда вообще айс будет
Konstantin 06.11.14
если тем более английский нравится)
у тебя красивые глаза)
какой у тебя рост?)
Yana 06.11.14
маленький
Konstantin 06.11.14
да ладно)) я как раз с невысокой хотел познакомиться))
Yana 06.11.14
150 с чем то))
3
маленький
Konstantin 06.11.14
да ладно)) я как раз с невысокой хотел познакомиться))
Yana 06.11.14
150 с чем то))
Konstantin 06.11.14
тебе по любому нравятся высокие парни, 180 например))
Yana 06.11.14
нет))я наоборот... невысокие парни, так удобнее
Konstantin 06.11.14
ну главное же не внешность
Yana 06.11.14
ну да)
Konstantin 06.11.14
когда приедешь кофе пить?)
Yana 06.11.14
не знаю)но как ты угадал с кофе)
Konstantin 06.11.14
ты любишь кофе?))
Yana 06.11.14
оочень))"
photo_5@15-12-2023_04-48-54.jpg,"Deniark
Бляяя как охуеееенооооо
Forwarded From
03:48
adam: Pocket Devil
похоже, мои шутки настолько
суровы, что заморозили наш чат
3 03:48"
Communication Templates with Girl 29 (6).jpg,"Антон Гломозда
И каково это быть сильной независимой женщиной:)?
19.08.2016 19:24
Svetlana
19.08.2016 19:28
Ой))
Тяжело)))
Ну а что делать))))
Антон Гломозда
19.08.2016 19:29
кота завести себе)
Svetlana
19.08.2016 19:29
Я не люблю котов))))
У меня собака))
Антон Гломозда
19.08.2016 19:30
лучше Енота себе купить"
Общаться с девушкой шаблон 26.jpg,"Диалоги Просмотр диалогов
?
Андрей
Приветик!)) Познакомимся?? Я Андрей и мне 26 лет! Нижний
Новгород.. А ты?? Нужны Серьёз /Взаимоотн, Семья??? 950-
35; 91
АНДРЕЙ
омг
Действия | к списку друзей
04:06:04
04:19:24
04:19:33
Андрей
04:19:52
Крсоточка.. Мася а имя, район?? СВОБОДНАЯ??? Тигррёнок
04:20:04
ты больной?
Андрей
прелесть какая Лапуся..))
HET!!!
Андрей
Хм.........
сс
Введите Ваше сообщение..
Отправить
04:20:06
04:20:16
04:21:01
Прикрепить
pikabu.ru"
photo_26@24-04-2024_10-36-07.jpg,"BOGDAN
мы сейчас занимаемся подготовкой отзывов по Вайбу для
1. Не знал что девушке написать/ответить, не понимал как
правильно выстраивать коммуникацию с девушками на
разных стадиях знакомства.
0000
2. 9/10 девушек, которым Я писал ""на вайбе"" не потеряла
интерес и продолжила общение (поднял конверсию перехода с
Привлечение → Свидание). Пользовался почти всеми
возможностями вайба, активно использовал разборы
переписок и чат-ассистента, что помогло мне увидеть свои
ошибки и найти точки роста, ну и экономило время на поиск
ответов на вопросы.
3. 13 дней, тратил около 15-20 минут в день, денежные
вложения давно оправдались
15:35"
photo_13@26-03-2024_18-10-38.jpg,"17:08
LTE+
LTE 38
Dominika
wyzwanie podwojone
Kurde grasz wysoko, podoba mi sie
to jak, mam przynieść teleskop czy
wystarczy moja obecność
A na dodatek skromny
Skoro tak skromny, to może ty
wybierzesz gwiazdę, którą nazwiemy
wspólnie
Boże to nie jest możliwe że jesteś
aż taki normalny
To jakiś żart?
Moze ja jestem z innej planety
Masz wattsap dziewczynka?
Chyba jesteś bo mnie tak kupiłeś że
dam Ci ten numer telefonu
Oo, jakie szczęście
Wysłano
Widzisz, nie musisz dziękować
79429
GIF Wpisz wiadomość
WYŚLIJ"
Alice Tinder Conversations (1).png,"и какая же у тебя любимая песня?
Зависит от настроения. Люблю мелодичную
музыку. Например, Queen. Но иногда и
Megadeth могу завести.
Какие планы на сегодня?
Хорошее занятие, может поиграем?
В прятки!
и какая же у тебя любимая песня?)
Зависит от настроения. Люблю
мелодичную музыку. Например, Queen.
Но иногда и Мegadeth могу завести.
Сегодня 12:12
ПОНЯТНО
понятно
Никаких
ВО ЧТО
Никаких
а что?
Во что
Какие планы на сегодня?
Хорошее занятие, может поиграем?
В прятки!
каким образом?)
каким образом?)
Руками!
а по конкретней?)
а по конкретней?)
Тогда какой это будет сюрприз, если я всё
расскажу?
Руками!
Тогда какой это будет сюрприз, если я
всё расскажу?
аа, точно,
аа, точно,"
Dialog 3-2 from Vkontakte.jpg,"Сейчас найду их, чтобы скачать,
спасибо)
Не ищи, я тебе скину на через
ватсап, или лучше в ВК? 15:00
14:59
Давай через ватцап, сейчас
скину номер)
А может вместе посмотрим?)
15:00
15:00
А мы что так близко знакомы?)
Меня зовут Костя) 15:01
15:01
Живу в Питере) 15:01
Я тоже из Питера) 15:02
Ввидишь, сколько у нас общего)
Давай знакомиться ближе?
15:02
Давай 15:02"
Tinder Pickup July 14 Photo.jpg,"Среда 15:53
Судя по фото симпатичная
Девушка
Спасибо ахвза
Не хочу быть банальным, но
все же Дима
Ого, а я Рита
Ну да)
Приятно
Хотя в живую было бы куда
приятней
Среда 16:28
Среда 16:46
Напиши вотс будем на связи,
тут редко сижу"
photo_7@15-12-2023_09-55-33.jpg,"Deniark
Как пингануть?
твоя йога выглядит серьезно, но это
только потому, что ты не видела моего
позирования с котом
Жди ответа и продолжай играть в тонкую:
спроси о её любимой йога-позе или
предложи совместную тренировку.
Deniark
Как пингануть?
15:48
твоя стойка лучше, чем у пиццы на моем
столе
Заметь, как она отреагирует на сравнение с
пиццей, и продолжай разговор, обсудив её
любимые виды спорта или еду.
15:50"
Общаться с девушкой шаблон 9.jpg,"Евгений
диозаписи
общения
уппы
ВОСТИ
кладки
стройки
енты
Ты меня поразила, я не могу отвезти от тебя взгляда, реально, ты
какая-то необычная!!!
Чтож не отводи) Любуйся.
Евгений
издеваешься еще) а ты девушка с характером) мне нравится)) о
такой как ты я давно мечтал, я как тебя увидел, на меня сразу
нашло вдохновение и вся работа пошла как по маслу. Давай ты
будешь моей музой)
15:23:48
15:24:27
15:27:02
15:30:25
такое огромное количество комплиментов ты меня смущаешь..)
Говорят мечты осуществляются...)
Евгений
15:31:18
пошли погуляем) вдруг это судьба... и ты моя королева:)
встретимся в 7 около Кольца?)
15:32:41
Пожалуй, мой красноречивый подданный, я соглашусь...)
Евгений
15:33:34
))))"
Communication Templates with Girl 29.jpg,"19:23
Давай встретимся,
поужинаем
Но я тебя даже не знаю)
19:23
Я тебя тоже не знаю, для
меня это тоже риск,
поэтому я возьму нож. Ты
тоже возьми.
19:24
в тера
февраля
У меня телефон сломался и
Я отнес мастеру он сказал
не хватает одно
компонента. Знаешь
какого?
Какого
Твоего номера)
Мне нравятся твои
волосатые ноги, наверное я
бы грелась у них холодной
ночью
Ну я пыталась. 23:21
23:20
Пикапер"
photo_25@24-04-2024_10-16-12.jpg,"Привет Богдан, а я знаю про тебя. Это ты мне посоветовал
залететь на курс к Рамзесу. И периодически слежу за тобой
14:56
O
Окей, сейчас мысли соберу и напишу 14:56
1. Из проблем это время. Приходилось смотреть видео, искать
нужные ответы, спрашивать у ребят в чатах(как ответить, что
написать) когда не было мыслей и идей по поводу, как начать
и что написать (ответить) на это уходило время.
2. Процесс с вайбом очень быстрый в плане времени.
Отправляешь скрин- получаешь ответ, если тебе этот ответ не
подходит, то вайб генерирует другие ответы и стили в каком
лучше ответить(даёт больше разнообразия, больше
многоходовочек). Даже если он ответил не так, как тебе нужно,
то ты сам уже редактируешь текст, либо из ответов вайба уже
выстраиваешь идеи на дальнейшее общение.
3. Пользуюсь вайбом месяц. Почти каждый день. Перекидываю
скрины вайбу как и с коллегами, так и с друзьями и девушкой.
На счёт вложений окупились полностью. Радует, что нет
лимита в месяц и можно отправлять сколько хочешь скринов.
В целом приятно ощущать что-то новое в своей жизни,
которое упрощает тебе процессы генерирования идей. И
видно, что с каждым разом выходят, какие-то нововведения,
которые дают больше маневров для общения
15:14"
Start conversation VK (1).jpg,"Прикольная ты:)
14 сообщений
17 ноября 2014 г.
1:25
24 ноября 2014 г.
Как дела?
18:10
Чем занята ?
26 ноября 2014 г.
18:25
Привет 18:42
Как дела? 21:55
Привет 21:55
10 февраля
:) 22:36
Как дела? 22:46
22:26
А ты не сдаешься, я смотрю
20 апреля
Привет
0:14
0:15
Главное-не сдаваться
Ты так думаешь ?
0:16
+
Написать сообщение
Отпр."
Общаться с девушкой шаблон 18.jpg,"Вконтакте 4 к списку диалогов
люди сообщества игры
музыка помощь выйти
Моя Страница
Мои друзья
ред.
Диалоги Просмотр диалогов
Действия к списку друзей
Мои фотографии
Карина Шаулис
Мои Аудиозаписи
Мои Сообщения
Мои Группы
Мои Новости
Мои Настройки
Приложения
Объявления
Карина
26.04.12
А ты слышал как по свински поступил Гоген
26.04.12
нет
что он сделал?
по художникам у меня мама спец, это к ней вопрос
Карина
26.04.12
Он просто напросто зашел в ресторан где не оказалось белого
вина и накинулся в драку с официанткой которая всего то
рабатает 5 дней
26.04.12
ну бывает, творческая личность
Карина
26.04.12
нет он прежде всего мужчина да хоть как он должен быть
терпимее
он художник, а у них часто с головой неполадки бывают)
только вот интересно, почему ты так неожиданно вспомнила про
гогена?)
Карина
и они такие страшные
кто?
Карина
художники
всяки, наверное, бывают)
Карина
26.04.12
26.04.12
26.04.12
26.04.12
26.04.12
26.04.12
и кстати он не художник а участник дома 2
Введите Ваше сообщение..
Отправить
Прикрепить
pikabu.ru"
Alice Tinder Messages.png,"← 0
Алиса
У тебя крутое удлиненное каре
Сегодня 18:54
Ха, спасибо, у вас тоже
У тебя крутое удлиненное каре
Мне идёт каре кстати?
Ха, спасибо, у вас тоже
Обычно люди такое спрашивают, когда хотят
услышать утвердительный ответ. Даю вам
утвердительный ответ.
Мне идёт каре кстати?
Я польщен
Обычно люди такое спрашивают, когда
хотят услышать утвердительный ответ.
Даю вам утвердительный ответ.
Мне приятно, что вам нравится
Добрая душа, признак человечности
Если говорить о ""человечности"" человека, т.е.
какой смысл мы вкладываем в это слово -
безусловно, человечность определяется
состоянием души душевность, добрая душа.
Ответы Mail.ru: Можете ли вы согласиться с тем что не
разум, а душа яв-ся главным признаком человечности
otvet.mail.ru
ОТКРЫТЬ В ПОИСКЕ
-
Это моя первая культурная
переписка, переписка без грамматических
ошибок!я вас оценил, лучше, чем мог себе это
позволить тут
Да вы вообще умница!
Я польщен
Мне приятно, что вам нравится
Добрая душа, признак человечности
Если говорить о ""человечности""
человека, т.е. какой смысл мы
вкладываем в это слово безусловно,
человечность определяется
состоянием души душевность, добрая
душа.
Это моя первая культурная
переписка, переписка без
грамматических ошибок!я вас
оценил, лучше, чем мог себе это
позволить тут
Да вы вообще умница!"
Общаться с девушкой шаблон 24.jpg,"Антон
чем обязан вниманию?)
Вероника
Антон
???
Вероника
как дела?
Антон
отлично
Вероника
ну ясно))))
Антон
добавляешься для того, чтобы спросить как дела?
Вероника
не проста поабщатся хотела.
Антон
ну давай, о чем общаться хотела?)
Антон
что : кроме ""как дела"" головка больше не соображает?)
Вероника
слушай у меня голова сображает
Антон
так где же результаты твоей мыслительной деятельности?)
Вероника
какие еще результаты?
pikabu.ru"
Tinder chat (2).jpg,"21:39
..1 LTE
YOU MАTСHED WITH BЕРОНИКА
Привет ;)
Спишь? ;))))
Yesterday 18:20
Приветик)) не так часто бываю
тут
Чем ты увлекаешься?
Привет ещё раз :) ну здесь
особенный ват конечно )) с
определённой целью. Поэтому
меня это тоже настораживает ))
Увлекаюсь... да многим по чуть-
чуть. Есть фанатичные темы, по
типу катания на ролликах)) ну и
ещё. А ты смотрю на вело
стоишь на фото. Фанат?))
Велик очень люблю)) правда на
Фото не мой))
На роликах учусь кататься, в
этом году встала и почти
поехала, боюсь немного, но от
АТАГА Паша ашё интаиланда
GIF
Type a message...
Send"
Общаться с девушкой шаблон 31.jpg,"STPE
Цензурой
Екатерина
Мы разве знакомы?
Нет)) Но это можно исправить)))
Екатерина
И зачем?
Ахах)) Просто скучно, сижу ничего не дулаю)) Хотел с кем
нибудь поболтать)0
*делаю
Екатерина
Болтай
Сурово
Екатерина
Да..
Тебя задолбать?
Вау интересно как же?
Екатерина
Мне. Нужно...
Мне
Нужна
Помощь (
Какая?
Екатерина
Ну... денежка есть?
Вау) Предположим)
Екатерина
Помоги))м))
Всего то 1000р нужно)
Ахахахахахах))) Бляяяя пиздееец)))
Адьёс))
Екатерина
Блять попросишь помощи.....в ответ херня
Дмитрий
Оууу((( Пичалька да?
Екатерина
Смотри от смеха не обделайся мразь)))
Ахах))) И много так народу ты уже развела?
Ошибка
Вы не можете отправить телеграмму этому гражданину, поскольку он ограничивает круг лиц, которые могут
присылать ему телеграммы.
pikabu.ru"
Общаться с девушкой шаблон 19.jpg,"Иван
привет! не против пообщаться?)
Наташа
08:48:19
09:47:21
привет)
Иван
11:43:42
очень бы хотелось познакомиться с такой красавицей)))
Наташа
11:46:29
у меня есть два недостатка
Иван
11:48:02
интересно какие?
Наташа
11:48:41
1. я постоянно играю в Варкрафт
Иван
11:49:13
даже не знаю что это такое))
а второе?
Наташа
11:50:29
варкрафт это когда на ЦЛК 25 гер идет топ хил 6. 2 гс а спекнутый
в ДЦ вот что за фигня и вайпает весь рейд, а роги нидают лезер
на друля, хотя интелидженс им ни к чему-
Иван
11:51:08
а второй недостаток?
Наташа
11:52:16
чтобы узнать о втором недостатке, надо знать почему пве прист
6.2 гс на илк 25 гер не может спекаться в дц.
Иван
11:53:26
эх....а такая девушка симпатичная....
Введите Ваше сообщение..
Отправить
WOWLOL.ru
Прикрепить"
Chat examples (2).jpeg,"Михаил 6:50
Привет! Классно выглядишь)
Я думаю ты очень необычная девушка, давай пообщаемся)
Екатерина 8:02
привет)
спасибо)
самая обычная
Михаил 8:39
Ну мне кажется ты милая и добрая) У тебя очень позитивный
нос)
Слушай, я больше люблю живое общение, давай ты напишешь
свой номер и во сколько тебе удобно позвонить, мы пару
минуток поболтаем :))
Екатерина 10:05
ахахаха)))
нос)))
мне такого еще никто не писал ))"
VK Chat Start.jpg,"Парень есть?
12:30
12:34
Нет
А если найду? 12:38
12:40 Найди, я не против
Я нашёл
12:43
Я 12:44
12:44 И кто же он?"
Chat examples VK.jpg,"Дэвушка
1:59 AM
1:59 АМ
Эм
1:59 AM Я не знакомлюсь
Я теперь твой личный Сталин
1:59 АМ
А ты моя Германия
1:59 АМ
Я тебя завоюю
2:00 AM"
photo_20@23-04-2024_05-09-25.jpg,"0:56
LTE+
LTE 68
datezone.com/userpa +
< date zone
Сообщения
Szukasz wrażeń to trafiłaś idealnie choć
muszę ostrzec ryzyko uzależnienia wysokie
CiasnadlaXL
A jest od czego sie uzależnić
00:51
maklilson
00:49
O tak, lista jest dluga ale zaczniemy od
mojego czaru osobistego, pytanie tylko czy
jestes gotowa na takie wyzwanie
CiasnadlaXL
Jestem otwarta na propozycje
maklilson
00:56
Написать...
B
☑
00:53
Отправить"
photo_2@08-10-2023_11-16-01.jpg,"Ахаххахах 04:45
00
Вообщем, пишу отзыв по Адаму!
Раньше я не особо анализировал свои переписки, да и
вообще на некоторое время забросил интернет
знакомства. Знакомился в основном на тусовках.)
Сейчас буквально недавно я начал активно
знакомиться в интернете и с появлением Адама интернет
знакомства стали огромной площадкой для тренировок
навыков коммуникации с женщинами прямо в моем
кармане.
Адам очень подробно анализирует то, что я пишу, и
формирует качественную обратную связь по любому
аспекту коммуникации. Подсказывает мне, где я ошибся,
где я сделал хорошо, что стоит добавить в разговор, как
создать правильный фрейм сразу в переписке. А самое
главное, чему меня научил Адам, это анализ DHV. Раньше я
не всегда понимал где именно в моей коммуникации я
использую демонстрацию высокой ценности (DHV)
рассказывая что-то привлекательное про себя.
Благодаря Адаму я выявил несколько топиков, с
помощью которых я могу легко продемонстрировать мою
уверенность, мои хорошие качества как мужчины.
* Сегодня прежде чем лечь спать, я каждый день
отправляю Адаму все свои переписки за день и
анализирую, что я сделал хорошо и что можно было
сделать лучше)
Утром просыпаюсь и сразу пишу девочкам, чтобы Адаму
было что покушать вечером
16:06
Бля ебать он там написал мне фидбэк на англе 04:45
Лютый 04:45
Forwarded from ADAM
FOR
Ѕһе: Да просто спрашиваю) может что-то интересное есть))
You: Есть
She: Хорошо)
She: А что?)
You: Да там кучу всего
You: Парки, кафешки, тц шки
She: Хорошо
You: Ко мне заходить не будем))
Хоть я и там живу
She:
Я и не собиралась
You: Потом может как-нибудь борщ если будем готовить,
огда дааа
In this segment, you continue to maintain the intrigue by not
directly answering her question about what's interesting in the
place you suggested. Your comment about not inviting her to
your place is a good move as it shows that you are not
desperate or needy. The last line about cooking borsch
together in the future is a nice touch as it subtly suggests a
future interaction.
borsch 04:46
Ахахах 04:46
Ахуенно 04:46
MIGHT
04:46
- Тимур, тариф VIP"""
Общаться с девушкой шаблон 21.jpg,"Диалоги Просмотр диалогов
Аня Губанова
Как
Действия | к списку друзей
01:36:57
на встречу? или на мое предложение?
Аня
01:33:27
На предложение! Встретиться-то однозначно стоит. Как тебя
зовут, кстати?
Как
01:38:01
меня зовут Алик. я освобожусь только в 6, поэтому давай в 7.
Аня
01:38:35
Странное имя. Откуда ты, Алик?
Как
01:40:58
родом из Кизляра, я лезгин по национальности, дагестанец, в
общем, чтоб тебе было понятнее, тебя это смущает? а ты русская?
Аня
01:41:29
Нет, ничуть! Да, я русская. Куда ты меня поведешь?
Как
в ""тихую площадь"", куда за тобой заехать?
Аня
Спасибо и сама ебались Завет в 7
I
Отправить
Прикрепить
01:42:10
01:43:56"
photo_27@24-04-2024_11-50-00.jpg,"O
Честно говоря онлайн знакомства воспринимал скептически
так как текст не передает всей глубины, но после того как стал
пользоваться Вайбом раскрыл в себе новую супер силу и мой
текст начал превращаться из простого сухого вина в
экзотический коктейль
• Сейчас меньше пользуюсь Вайбом, больше как помощник,
• Последние обновления более привязаны к контексту общения
Ө
и это круто сокращает время переписок, что не может не
порадовать милых по ту сторону переписки
В начале нашего пути с Вайбом очень часто юзал его, сейчас
уже намного реже, делая подсчеты могу сказать только одно -
почему так поздно узнал про него? Цена подписки всего в
один-два хороших ужина так что я более чем доволен
16:49
C
C
C"
Chat examples VK.jpeg,"Ты ветер любишь?
Почему дерево?
Привет
А ты что дерево?
А причём здесь ветер?
Ну тебе нравиться ветер?
Пошли я тебе вдую
Допустим"
d7513fb4b963e3a8521f2fc656898608.jpg,"Майя Каренина
11:41
Лол
Александр
11:42
поиск по картинке еще никто не отменял)
Майя Каренина
11:42
Ясно))
Александр
11:43
скажи, какой тебе интерес что бы люди покупали билеты на
сеанс? процент?
Майя Каренина
11:44
Как ты думаешь, кто же тогда сидит по ту сторону экрана?
бородатый мужик что ли?)))
Александр
11:45.
ну может и не бородатый))) но фотки чужие) и слишком
активно предлагаешь купить заранее билеты)
Майя Каренина
11:45
Нет, я не бородатая, не бойся))
Не надо так настаивать?это паливно да?)буду знать)
11:46
Александр
11:46
это настораживает, и я сразу пробил тебя по фотке
Майя Каренина
11:47
Ты уж извини что так вышло, просто кто как может так и
зарабатывает) Без обид пожалуйста)
Александр
11:47
лох не мамонт)
Майя Каренина
11:48
Вот и я о том же)Ну ты явно не лох)
Александр
стараюсь)
11:48"
Dialog 12 from Omambe.jpg,"Теперь у меня будет знакомый
доктор
Я тоже учусь, на
адвоката, 1 курс.
Класс, кстати у меня к тебе есть
пару вопросов по юридической
14:49
части, поможешь?
14:49
Да, если смогу) 150
Сможешь сегодня выбраться
из дома, мне было бы удобнее
говорить лично, заодно и
познакомимся поближе.
14:50
Да, можно, как раз сегодня с
девочками хотели посидеть в
кафе. Присоединяйся
Сообщение
Ш
14:50"
Communication Templates with Girl 13.jpg,"Михаил 13:13
Привет! Классно выглядишь)
Я думаю ты очень необычная девушка, давай пообщаемся)
Наталия 13:44
Здравствуйте! Спасибо, но меня это не интересует
Михаил 13:44
А что ""это""?) Я же тебе ещё вообще ничего не предложил,
просто пообщаться интересно)
Наталия 13:45
Меня не интересует общение с незнакомыми мужчинами
Михаил 13:46
Это вообще легко исправить)
Каждый знакомый мужчина в твоей жизни, был когда-то тебе
незнаком) Или таких нет вообще?)
Наталия 13:59
Были конечно, но сейчас у меня есть молодой человек
Который против моего общения с незнакомцами
Михаил 14:02
Тогда просто приятного вечера пожелаю тебе, твоему парню
повезло. Пока :)
Наталия 14:02
Спасибо) пока
И тебе тоже"
photo_30@24-04-2024_15-40-50.jpg,"VIBE
VIBE
бот
бот
Кому-то понравилась твоя анкета:
- Автор плейлиста,
идеально подходящего под шашки
В потоке
девушек))
Вымирающий вид
20.49
ANTON
ANTON
Фотография
Первая фраза
Huild Apps & Appen
ну, ты заинтересовал....
ну и как ты умудряешься
вымирать так элегантно
23:51
Фотография
Первая фраза
Couborul
Вооб друг с другим
Canc
ну, привет, красотка
1914
4 так ты всегда выбираешь
напитки по цвету платья или это
совпадение
23 апреля
ну и как ты умудряешься вымирать так
элегантно
Сегодня
66%
Было) 5 часов наз
16 апреля
Дайвинчик
Платье под цвет смузи выбирала
или наоборот
Привет)
Ахахха случайно
Twinby
Cooweve
До появления у меня вайба онлайн
знакомства редко когда вызывали позитивные
эмоции и желание постоянно к ним
возвращаться.
Варианта было 2: либо я использую скрипты,
которые давали большое количество
номеров/ телеграмов и не занимали много
времени. Однако уровень девушек при такой
игре зачастую был низкий. А даже если нет,
общение по скрипту не создавало тот самый
вайб, особую связь и эмоции между вами. Из-
за чего большинство девушек до свиданий не
доходили
Либо 2 вариант, я думаю часами над тем, а как
ее открыть и как обойти проверку, что тоже не
добавляет удовольствия от игры. Иногда
вдохновение приходит, иногда нет
Сейчас вайб закрывает обе эти проблемы. Кто
то считает, что открытие не имеет большого
значения в игре, однако креативные идеи
бота задают тон всего диалога, с первых
сообщений располагая девушку к тебе и
создавая те самые эмоции. Конверсия в
переход в мессенджер и свидания выросла
точка Б ɓ->
точка А
Сейчас вайб закрывает обе эти проблемы. Кто
то считает, что открытие не имеет большого
значения в игре, однако креативные идеи
бота задают тон всего диалога, с первых
сообщений располагая девушку к тебе и
создавая те самые эмоции. Конверсия в
переход в мессенджер и свидания выросла
За последние 2 недели пользуюсь Вайбом
практически каждый день. Сейчас скинуть
профиль девушки после нового матча на
сайте знакомств в бот для небольшого
«брейншторма» стали некой рутиной.
Более того, я сам лучше стал подмечать
интересные детали на фотках девушки, в
сообщениях, за которые можно зацепиться и
продолжить увлекательный диалог. Раньше я
меньше обращал на это внимание. Вайб
тренирует насмотренность
Все то же самое можно сказать и об игре с
вайбом вживую. Если успеть удачно сфоткать
девушку (в клубе это сделать легче) или же
описать ее текстом, бот быстро накидает идеи
для необычного открытия, которое вероятно
выделит тебя среди остальных парней.
Пробовал несколько раз, реакция отличная
Вложения окупились, стоит подписка
недорого. У вайба большой потенциал и я
верю, что в будущем это будет незаменимый
помощник в моем взаимодействии с
Девушками
20:14"
Lovely How to Meet Girl Online.jpeg,"00000 Tele2
9:42 PM
45%
Просто хочу сказать, что
рада знакомству с тобой
ты сделал мой день
^^
2:39 РМ
Я там написал немного текста
уже :) Спасибо тебе :) сейчас
закончу мысль
И рада, что от
необдуманного поступка
написать, получила много
новой информации
2:40 PM
2:39 PM
+"
Dialog 3-1 from Vkontakte.jpg,"Хай, как настроение? Чем
занимаешься?
14:57
Привет, нормально. Ищу
хороший фильм, хочу провести
вечер у телевизора.
Как раз могу посоветовать тебе
пару фильмов, что ты больше
14:58
любишь?
Ужасы, триллеры
14:58
Ничего себе, оригинальный вкус
для девушки.
Какой есть) А ты что
14:58
мелодрамы предпочитаешь?
Нет, тоже по ужастикам спец.
Итак, моя подборка: ""Оно
2"", ""Кладбище домашних
животных"", ""Проклятие
плачущей"". Еще?
Сообщение
14:59
14:58
14:59"
Tinder Correspondence 4626717.jpeg,"Только экстр. вызов
←
Сергей
Сегодня 14:30
Привет)
Кого хочешь тут найти?)
Значит просто переписка?
365%
19:30
Хелоу)
Собеседника)
Сегодня 15:01
А ты против?
Сегодня 16:18
Просто переписка это скучно
Нет развития общения
Сегодня 18:28
Скучно? Ну давай разовьем какую-нибудь интересную тему. Что бы
было повеселее.
Ну смотри, мозг ""имеет поддержку"" 11-и измерений на
архитектурном уровне. В сочетании с нейроволнами мы получаем
виртуальную квазисреду способную к имитации реальности в
каждой ее размерности. Т.е. сознание имеет модальность на
каждом этапе ""рендеринга"". Если добавить к этому автоволновые
свойства и философию функционализма то можно частично
решить проблему ""душа-тело"".
Что скажешь?
Сегодня 19:30
Ладно, давай потрахаемся.
Отправлено
GIF
Введите сообщение..."
Общаться с девушкой шаблон 23.jpg,"Вконтакте 1 К списку диалогов
Моя Страница
Мои друзья
ред.
Диалоги
Просмотр диалогов
Кристина Максимовская
люди
сообщества игры музыка
помощь выйти
Действия | к списку друзей
Мои фотографии
Мои Видеозаписи
Мои Аудиозаписи
Мои Сообщения
Мои Заметки
Мои Группы
Мои Новости
Мои Закладки
Мои Настройки
Приложения
Документы
Напоминание
Завтра день
рождения
Кристина
Привет. Дело в том, что я зарегистрировалась здесь, с целью
увеличения кол-ва своих единомышленников! Я обладаю
некоторой информацией по проведению ДОГОВОРНЫХ матчей в
чемпионатах. Беру информацию у близкого мне человека, он
спортивный журналист. Готова сказать ПЕРВЫЙ МАТЧ БЕСПЛАТНО,
НА ТОЧНЫЙ СЧЕТ, чтобы вы убедились в достоверности моей
информации второй матч и последующие 9000р. Если вы знаете
что такое Букмекерская Контора, то вас это должно
заинтересовать. Заинтересовало ли предложение и нужен ли
первый матч бесплатно на точный счет?
о каких матчах идет речь?
Кристина
РПЛ, ФНЛ в основном, но не только..
Я вышлю информацию. Если матч будет сыгран именно с тем
счетом, который я напишу, будешь покупать информацию на
точный счет следующего матча за 9000? коэффициенты на точный
счет большие...
о каких матчах идет речь?
Кристина
РПЛ, ФНЛ в основном, но не только..
Я вышлю информацию. Если матч будет сыгран именно с тем
счетом, который я напишу, будешь покупать информацию на
точный счет следующего матча за 9000? коэффициенты на точный
счет большие...
я могу назвать любой
матч?
Чемпионата РФ
19:07:07
19:07:59
19:08:39
19:07:59
19:08:39
19:11:47
Кристина
19:12:54
Ты не совсем так понял, это не прогноз, а я не прогнозистка. Я
могу сказать точный счет именно того матча, про который знаю.
Это так называемый ""странный"" матч...
""хорошо, назови тогда
Кристина
19:15:33
19:16:38
Ты можешь ответить? Если матч будет сыгран именно с таким
счетом, который я напишу, ты будешь со мной дальше работать и
покупать информацию на точный счет следующего матча за 9000?
19:16:50
ну конечно
о чем речь
это же столько денег поднять можно
я прав?
Кристина
Футбол. Англия. 1-я лига. Бери
19:17:36
Стивенейдж. Счет матча: 1:2.
Коэф. 10. Начало матча: СЕГОДНЯ 23:45. Информация
гарантировано точная! Можешь поставить, потом без проблем с
выграшных денег сможешь купить информацию на следующий
матч.
После матча спишемся. Информация 100%, сам сможешь сегодня в
этом убедиться!
да! Конечно, я жду этого матча с нетерпением!!!
Введите Ваше сообщение..
Отправить
19:19:03
online
Прикрепить
pikabu.ru"
Chat examples VK (2).jpeg,"Назад
Привет
18:31
Вера 18:32
Привет
18:32
online
21 марта
А слабо со мной познакомиться?))
Вера 18:34
А что это практичеки не возможно?)
18:35
Нет ничего не возможного)
Как настроение?
Вера 18:36
Лучше всех, у тебя?)
18:36
У меня всё огонь!
Напишите сообщение...."
Communication Templates with Girl 29 (7).jpg,"Ты меня укладываешь, чтобы снова
всю ночь с курицами
переписываться?!
22:59
22:57
Ревнивец ты мой) нет у меня ни
кого, и переписываюсь я только с
тобой
22:59 Просто хочу чтоб ты высралась)))
23:00
Как это между собой
взаимосвязано?!
23:00
23:01)))))))))))
23:02
Выспалась
Ну ты рассмешил))))) я весь дом
переболомутила!!!)))
23:02
23:02 Не буду больше писать)
Sücken"
photo_31@03-05-2024_13-34-01.jpg,"любишь море значит готова к шторму в
личной жизни
BE
22:35
любишь юмор значит скажи честно ты
смеешься каждый раз когда готовишь оливье
22:36
VIBE
VIBE
любишь оливье? надеюсь, ты так же хорошо
перемешиваешь и плейлисты
VIDE
22:36
любишь оливье значит умеешь веселиться на
новый год
22:36
VIDE
любишь оливье значит умеешь в праздники
- какая
Книг
Меню
+ твой взу
за истори
22:36
VIBES
COCONUT
твоя любовь к морю заразительна... как
последний раз было?
Написать сообщение...
Доминатор
3"
Dialog engagement.jpg,
Chat examples (3).jpeg,"*0000 МТЅ RUS LTE
10:37
заходила два часа назад
43%
Это же очень личное
21:10
Ты же умничка, пиши номерок)
21:11 Я не все как бы
21:15
0:56
А ты не будешь звонить мне по
ночам и томно дышать в трубку?) 21:19
21:21 По пятницам разве что
Ну лаааадно 21:23
До пятницы еще аж 5 дней 2623
21:23
Аха
Если что, успею и номер сменить
21:24
Я поддержал твою шутку)
21:24 Все норм.
89090 21:24
+ Написать сообщение"
0a4c1b60aceef7e4f7f0cc2807a796f1.jpeg,"Малышка, давай
познакомимся?
17:34
17:34
Не, спасибо, мама не
разрешает
О да
Наконец-то я нашел
тебя!
Спроси у Папы
17:35
17:35 Папа сказал, что ты дрищ
17:35
17:35
У нас семейный совет тут
был
Ты никому не понравился
Меня прислал из
будущего наш сын,
чтоб мы его скорее
Кто вы?
сделали и спасли этот
мир!"
Conversation starter VK (1).jpg,"2:55
Привет, я приглашаю тебя
на свидание в эту субботу!
Нет, в эту субботу я выхожу
замуж
+
2:56
2:56 Тогда давай в воскресение
Написать сообщение
Отпр"
Alice Tinder Messages (3).png,"тебя как из ада выпустили
Причем тут вообще это?
У тебя на голове либо ушки, либо рожки.
Я склоняюсь к первому. Кошечек много,
с чертятами интереснее. Точнее ко
второму
Ха, вы не перестаете меня удивлять
тебя как из ада выпустили
Причём тут вообще это?
У тебя на голове либо ушки, либо
рожки. Я склоняюсь к первому
Кошечек много, с чертятами
интереснее
Точнее ко второму
Мы с тобой на вы?
Ха, вы не перестаете меня удивлять
Я так и поняла, и не вижу в этом ничего
дурного.
Мы с тобой на вы?
А в чём видишь
Я так и поняла, и не вижу в этом ничего
дурного.
Ни в чем. Настроение нулевое.
А в чём видишь
Summertime sadness?
Ни в чём. Настроение нулевое.
Включаю
Summertime sadness?
Summertime Sadness
Lana Del Rey
Включаю Lana Del Rey - Summertime
Sadness
ВОСПРОИЗВЕСТИ
Всё так. Благо, мне пока не грозит.
Только вчера из Крыма. Кстати, в Крыму
сравнительно дешевая и весьма
качественная дудка
Я бы, может, и поддержала этот
разговор. Но не хочу.
Всё так.
Благо, мне пока не грозит.
Только вчера из Крыма
Кстати, в Крыму сравнительно
дешевая и весьма качественная дудка
Я бы, может, и поддержала этот
разговор. Но не хочу"
photo_1@07-10-2023_23-54-57.jpg,"D
000"
Vkontakte Introduction Chat.jpg,"Андрей 13:00
ошибку
Здравствуй, мы точно не знакомы? Нужно исправить эту
Меня зовут Андрей, мне 25 лет, работаю
программистом. Очень хочу узнать что-нибудь о тебе."
Chat examples (1).jpeg,"Ксюша
Сообщения О пользователе
Классные обои
клеила?
Bc 22:06
Привет)
Вс 22:07
Нет, друзья клеили
Bc 22:07
600
Привет
Bc 22:06
сама
А про какие? С полоской
которые?
59 мин. назад
Или квадратиками?
59 мин. назад"
Общаться с девушкой 28 (1).jpg,"Михаил 9:31
Привет! Классно выглядишь)
Я думаю ты очень необычная девушка, давай пообщаемся)
Алёнка 11:46
Приветик
Давай
Михаил 15:00
Слушай, я больше люблю живое общение, давай ты напишешь
свой номер и во сколько тебе удобно позвонить, мы пару"
Alice Tinder Conversations (7).png,"Что делаешь ?занимаешься своими темными
Делишками ?))
Я слушаю музыку. Вы?
Давай на ты)
Я сегодня отдыхаю и хоаетчя съездить на
природу, погода для этого подходящая
Хорошая идея. Я только за
Пиши тогда куда за тобой заехать и скоро
буду
Давайте вы ко мне, а я к вам. Как вам такой
вариант?
Это как?)не совсем понял?
Что делаешь ?занимаешься своими
темными делишками ?))
Давай на ты)
Я слушаю музыку. Вы?
Я сегодня отдыхаю и хочется
съездить на природу, погода для этого
подходящая
Хорошая идея.Я только за
Пиши тогда куда за тобой заехать и
скоро буду
Давайте вы ко мне, а я к вам. Как вам
такой вариант?
Это как?) не совсем понял?
Приму к сведению.
Я вообще подумал ты берёшь подругу, а я
друга и мы берум что-нибудь покушать и на
пикник все вместе
Приму к сведению.
Я вообще подумал ты берёшь
подругу, а я друга и мы берём
что-нибудь покушать и на пикник все
вместе
Мне нравится такой поворот событий
Мне нравится такой поворот событий
Пришли номер я сейчас позвоню
Пришли номер я сейчас позвоню
Нет настроения говорить об этом.
Нет настроения говорить об этом"
Dialog 2-2 from Vkontakte.jpg,"Разговаривают две подруги.
Первая: Ох, тебе, моя хорошая,
давно замуж пора, а то
засиделась в девках.
Вторая: Знаю, но никак не
получается. Все думаю о Пете.
Первая: О моем?????
Вторая: Да, как представлю, что
попадается такой же придурок,
страшно становится.....
14:55
Напиши номер телефона,
созвонимся, поболтаем, точно
будет весело. А то писать
долго)))
Сообщение
III
14:56
14:55"
Conversation Start Example.jpg,"Oleg Tseberg
online O
Yesterday, 24 August
Привет, не против общения и
тд?)
02:28
Привет. И тд? А как ты меня
нашёл?
02:37
Сори уснул, ну да, как общение
пойдёт) да в вк лазил, решил
написать
Как спалось?)
11:07
11:07
итомп
Хорошо. Мне странно общаться
с человеком с закрытым
профилем
Да у меня тут фоток нет, есть
инста, если ты об этом
11:09
Фотки, подписки. А то ты ме
видишь, а я тебя нет. Это ка
нечестно)
Your message
Oleg Tseberg
online O
видишь, а я тебя нет. Это как-то
нечестно)
Может в друзья добавлю,
хорошо?
11:10
11:10
Ок
11:10
И правда ничего нет, смотри-ка)
Не любитель как то фоткаться
11:12
Эмм, ну да 11:13
11:08
Чем занимаешься
11:13
11:12
Бывает 11:12
итомп
Собираюсь готовить сырники на
завтрак. Любишь сырники?
11:13
Это с творогом?
11:15
11-10
@ Your message"
photo_14@31-03-2024_18-45-15.jpg,"BMCCIE CIOCUM
Потом надо будет сушить волосы, и мне
18:35
тоже будет лень
18:37
вызываю ветер, сушка волос - бесплатно
18:39
У меня мама вчера помыла и высушила
волосы за 11 минут
Я только 20 минут их мою
18:40
18:40
я тебя запишу на мастер-класс по сушке
волос, видать так мамин рекорд побьешь
Хахахаххахахахахахха 18:41
18:41/
Ладно, я уже умыла лицо 18:42
Думаю, что включить фоном, чтобы мозг
расслабить
18:42
включай мой голос 18:43 //
(3
точно расслабишься
8
Непрочитанные сообщения
3
18:43
Ладно, я напишу, как выйду из душа 18:43
18:43"
Dialog 2-1 from Vkontakte.jpg,"Непрочитанные сообщения
Добрый день. Как дела? 14:53
Наверное, добрый. Норм. Как
твои?
14:53
Уже отлично, ты мне ответила,
а и не надеялся, что такая
обворожительная девушка
найдет для меня пару минут.
Чем занимаешься?
14:53
В инете зависаю, скучно. 1453
Может я смогу тебя
развеселить?! Хочешь анекдот?
14:54
Давай. 1454"
Girl chat examples.jpg,"Назад
Serge
Назад
Serge
Ну вот такая жизни 19:27
есть
Да уж, не каждую даму
19:28 устроит
Как то не правильно это
А так, конечно желание
Неужели нельзя день
19:14 взять
Целый день пока сложно,
19:14
19:29 все
так как я в городских кв 19:15
Согласен, но вот пока
19:15 Печально
такие недостатки у меня 19:30
Непонятны мне конечно
19:16 Значит в субботу давай
19:30 эти тайны
Хорошо 19:16
Ну раньше и мне
непонятно было 19:34
19:16 Где?
Кто-то обещала меня
кормить япометр.
Отпр.
• Перезагрузка
Отпр.
19:39. Ну так объясни
Периметр.
• Перезагрузка"
photo_18@16-04-2024_21-52-38.jpg,"21:45
TELEGRAM
30
0:16
TELEGRAM
21:29
VIBE
bot
16 апреля
CHIDIT TEKERCEDESHER KEK DAYS
медведь пойман....
0:02
ПРОЖАРЬ МЕНЯ
4. Сообщить об ошибке
VIBE
медведь пойман
Первая фраза
2128
В сети
T
62
Сегодня 21:28
Кинь потом 21:28/
VIDE
Вайб друг с другом
CAVE
21:28
а ты часто так легко общаешься
с девушками, или я особенный
случай?
2129
а может я и правда медведя
завалила?
а ты чем
занимался сегодня? расскажи, как
прошел твой день!
21:29
Menu
Message
21:29
Ну кстати 21:30
Норм даже 21:30
Передавай респект 21:30
Создателям 21:30
Ты мне через этот чат писал?
Ахаххахахахахахах 21:30
@
Сообщение
о"
Conversation starters VK (1).png,"сегодня в 0:07
значит беру я эту суку за ляшки.......
10:23
0:07
Щито? Оо
0:08
ну я должен же был как то необычно
начать разговор
0:09
0:08
Ааа... Ясно) а я-то уж подумала))
о чём же ты подумала, пошлячка?
0:09
Не знаю С:
0:09
+ Написать сообщение
Отпр.
pikabu.ru"
Alice Tinder Conversations (6).png,"и какая же у тебя любимая песня?
Зависит от настроения. Люблю мелодичную
музыку. Например, Queen. Но иногда и
Megadeth могу завести.
Какие планы на сегодня?
Хорошее занятие, может поиграем?
В прятки!
и какая же у тебя любимая песня?)
Зависит от настроения. Люблю
мелодичную музыку. Например, Queen.
Но иногда и Мegadeth могу завести.
Сегодня 12:12
ПОНЯТНО
понятно
Никаких
ВО ЧТО
Никаких
а что?
Во что
Какие планы на сегодня?
Хорошее занятие, может поиграем?
В прятки!
каким образом?)
каким образом?)
Руками!
а по конкретней?)
а по конкретней?)
Тогда какой это будет сюрприз, если я всё
расскажу?
Руками!
Тогда какой это будет сюрприз, если я
всё расскажу?
аа, точно,
аа, точно,"
photo_23@24-04-2024_09-36-21.jpg,"1. Точка А - переписки были стандартными, хоть я старался
разбавлять их вопросами, но было ощущение, что девушкам
не интересно и они супер отстраненно на все отвечают. Были
встречи после обычных переписок, но без крутых эмоций,
будто встретились два совсем незнакомых человека и после
встречи такими же и остались
2. Точка Б - переписки оживились и я увидел интерес со
стороны девушек, неприглядный интерес. Конечно, если бы я
добавлял голосовые и кружочки эффект был бы еще круче, но
этого уже вполне достаточно. Обручи, выстраивание мощного
мужского фрейма : «Деточка, я тут главный и ты будешь рада
передать мне бразды правления» - все это очень круто
работает. Пример, за день было 2 свидания с реально
красивыми девочками. Первая не понравилась, ну и пошла
она, вечером закрыл вторую и она уже в постели.
3. Очень часто, так как была по началу цель «задолбать» бот
чтобы понимать все фишки и просто потом уже самому их
использовать. Последнее обновление очень крутое и по сути
ускоряет знакомство, то есть ии за тебя понимает на каком
этапе сейчас и как приблизиться к цели. Денежные средства
окупились, ии будущее, разрабам низкий поклон)
14:35"
Znakomstvo VK Perepiska 1.jpg,"Андрей 12:46
Привет! Меня зовут Андрей. Не смог пройти мимо твоего
профиля, ты такая очаровательная. Увидел у тебя фото
клевого пса, любишь собак?"
photo_11@13-03-2024_22-59-43.jpg,"21:29
У меня как будто овуляция круглый
месяц
>"
photo_17@16-04-2024_21-52-38.jpg,"21:36
TELEGRAM
...
65
30
Да!!! 21:13
был(а) недавно
Сегодня
Блатной никнейм заняла 21:01
В первый день заняла, как их в телеге
ввели
21:13
Настоящая пионерка... 21:26/
Я кстати знаю кое что получше чат гпт
для остроумных ответов
21:26
Так 21:26
И что же это?
21:26
https://t.me/adamgame_bot?
start=308309666
Telegram
VIBE
Кидай скриншоты - получай
креативные ответы, которые
приводят к свиданиям
Поддержка: @vibe_helper
Отзывы: @vibe_react
Сообщение
VIBE
21:27
||||.\\//\\///////../|\.\\. >А
0:10
А
21:27/
の"
Communication Templates with Girl 29 (1).jpg,"21:40 Знаешь, я хотел у тебя спросить кое что важно
ну, слушаю 21:42
ec
21:44
21:40
E
21:44
А ты мне честно ответишь?
21:44
Только пойми, это очень серьезно
окей 21:44
21:45 Отнестись нужно оооочень серьезно
да говори давай 21:45
21:45
Да реще говори
Точно готова?? Назад пути уже не будет
21:46
21:46 У тебя есть пакет для пакетов?
иди ты в пень)
21:46
pikebu.ru"
photo_15@09-04-2024_14-03-03.jpg,"Ping a bitchy girl. We've been teasing/
push-pulling each other with voice messages.
Then i sent an agressive joke she didn't even
read for about 1 week already.
Робот Алексей
Ping a bitchy girl. We've been teasing/push-pul...
15:54
Opener
Qualification
Intima
Attraction
Comfort
15:54
скучал по нашим баталиям 15:54
= Меню
• Сообщение
00
00"
Alice Tinder Messages (2).png,"Привет) познакомимся?)
Конечно, давайте... Как вас зовут?
Я Антон, мне 23 года, работаю детским
хореографом, девушки нет, жены и детей
тоже
Скукотень. Давайте что-нибудь другое
обсудим.
Сегодня 09:40
Привет) познакомимся?)
Конечно, давайте... Как вас зовут?
Я Антон, мне 23 года, работаю детским
хореографом, девушки нет, жены и
детей тоже
Скукотень. Давайте что-нибудь другое
обсудим.
Может, например, о кино?
Например?
Например?
Может, например, о кино?
Можно и о кино
Какие жанры тебе нравятся?
Аббатство Даунтон
Не смотрел ни разу
Можно и о кино. Какие жанры тебе нравятся?
Аббатство Даунтон
Не смотрел ни разу. У меня если честно не
так много времени что бы смотреть сериалы)
Вы многое теряете
У меня если честно не так много
времени что бы смотреть сериалы)
Вы многое теряете
Почему ты со мной на «вы»?))
Почему ты со мной на «вы»?))
Это я так выражаю свои эмоции, когда
смеюсь!
Это я так выражаю свои эмоции, когда
смеюсь!
Интересно
Интересно
Хвалите меня почаще, мне приятно.
Хвалите меня почаще, мне приятно.
Ты забавная, мне это нравится)
Ты забавная, мне это нравится)
Спасибо, сочту это за комплимент.
Отправлено"
Original Message Examples.png,"Анастасия •
пишет...
Я не так давно эти посты
написал )
Так дело в том, что то, что
есть у мужчины и есть часть
мужчины.)
Недавно встреча была.
Приезжает на солярисе
мужчина. Ну ок. Вторая
встреча - приезжает на ренже.
Это,
Тонировка, всё такое
Говорю - как так? Ну,
обстоятельства может
А это, говорит он, чтоб девушки
на деньги не велись
И правильно говорит"
Chat examples VK (1).jpeg,"Ваай 19:10
19:09 В понедельник буду
19:10 Ура ураа
Это просто суперская
Новость!
19:10
19:11 Дааа хочу хочу увидеть тебя
Задушу тебя в объятиях
19:11
19:13 А я вообще убью тебя
Алтыным
19:13
19:13
19:13
Джаным"
photo_22@24-04-2024_09-28-58.jpg,"1. С онлайн-знакомствами вообще был далек, так как начинал
все это дело сразу с живых. По поводу переписок все было
плохо, так как коммуницировал в основном опять же таки
вживую. То есть, полный ноль.
Выглядели они по типу «вашей маме зять не нужен?)))))»
2. При использовании Вайба, возросло качество переписок,
удавалось закрывать посредством данного инструментария
дев практически же в первую встречу. Вот вчера даже была
свиданка, уже договорились на секс, но она в последний
момент говорит «я передумала». Это, конечно, единственный
случай
-
3. Вайбом я пользуюсь еще с прошлого названия Адам. Тогда
он был сырой, но постоянно обновлялся — улучшалось
качество подачи контента. По поводу окупа денежных средств
— уже давно окупились, так как я практически не трачу на
даму: кальян есть, вино обычно у меня дома стоит бутылками,
- это можно сказать «бесплатный сыр» без
-
а остальное
-
мышеловки)))
14:26
Можно сказать, что я олдфаг 14:27
С момента открытия его 14:27"
photo_10@06-03-2024_16-23-05.jpg,"Просмотрено
Домой?
Так сразу?
Если ты не кусаешься, можно
подумать, я то точно не их таких
А я кусаюсь
интересно, у тебя зубы как у
вампира или как у котенка
Просмотрено
Просмотрено
Хочешь проверить?
только если ты обещаешь не
превратить меня в вампира
Просмотрено
Обещать не буду) но я буду нежно"
2338755341.jpg,"ЕСЛИ ТЫ ТРОГАЕШЬ МОЮ БОРОДУ БЕЗ РАЗРЕШЕНИЯ,
Я БЕЗ РАЗРЕШЕНИЯ ТРОГАЮ ТВОИ СИСЬКИ"
Start conversation VK.jpg,"Добрый день Виктория
16:56
А ты Вика не ушиблась 16:57
?
16:57
17:02 Добрый
17:02 В каком смысле?
В смысле пока ты ангелочек
спускалась с небес на
землю, ведь девушка такой
необъятной красоты как у
тебя явно Ангел
17:09"
